Month,State,TRX,Inc_TRx,NRx,Inc_NRx
2023-05-31 12:00:00 AM,Alabama,519,0,200,0
2023-06-30 12:00:00 AM,Alabama,1451,932,552,352
2023-07-31 12:00:00 AM,Alabama,1439,-12,521,-31
2023-08-31 12:00:00 AM,Alabama,1472,33,570,49
2023-09-30 12:00:00 AM,Alabama,1467,-5,564,-6
2023-10-31 12:00:00 AM,Alabama,1549,82,602,38
2023-11-30 12:00:00 AM,Alabama,1534,-15,610,8
2023-12-31 12:00:00 AM,Alabama,1550,16,568,-42
2024-01-31 12:00:00 AM,Alabama,1655,105,576,8
2024-02-29 12:00:00 AM,Alabama,1355,-300,525,-51
2024-03-31 12:00:00 AM,Alabama,1651,296,730,205
2024-04-30 12:00:00 AM,Alabama,1854,203,647,-83
2024-05-31 12:00:00 AM,Alabama,1657,-197,631,-16
2024-06-30 12:00:00 AM,Alabama,1439,-218,588,-43
2024-07-31 12:00:00 AM,Alabama,1838,399,691,103
2024-08-31 12:00:00 AM,Alabama,1622,-216,644,-47
2024-09-30 12:00:00 AM,Alabama,1659,37,620,-24
2024-10-31 12:00:00 AM,Alabama,1732,73,709,89
2024-11-30 12:00:00 AM,Alabama,1568,-164,574,-135
2024-12-31 12:00:00 AM,Alabama,1702,134,598,24
2025-01-31 12:00:00 AM,Alabama,1726,24,650,52
2025-02-28 12:00:00 AM,Alabama,1653,-73,642,-8
2025-03-31 12:00:00 AM,Alabama,1770,117,672,30
2025-04-30 12:00:00 AM,Alabama,1856,86,704,32
2025-05-31 12:00:00 AM,Alabama,1908,52,712,8
2025-06-30 12:00:00 AM,Alabama,446,-1462,169,-543
2023-05-31 12:00:00 AM,Alaska,19,0,4,0
2023-06-30 12:00:00 AM,Alaska,84,65,32,28
2023-07-31 12:00:00 AM,Alaska,77,-7,24,-8
2023-08-31 12:00:00 AM,Alaska,85,8,27,3
2023-09-30 12:00:00 AM,Alaska,96,11,44,17
2023-10-31 12:00:00 AM,Alaska,85,-11,26,-18
2023-11-30 12:00:00 AM,Alaska,79,-6,26,0
2023-12-31 12:00:00 AM,Alaska,87,8,28,2
2024-01-31 12:00:00 AM,Alaska,87,0,36,8
2024-02-29 12:00:00 AM,Alaska,74,-13,20,-16
2024-03-31 12:00:00 AM,Alaska,70,-4,16,-4
2024-04-30 12:00:00 AM,Alaska,90,20,19,3
2024-05-31 12:00:00 AM,Alaska,97,7,33,14
2024-06-30 12:00:00 AM,Alaska,84,-13,38,5
2024-07-31 12:00:00 AM,Alaska,108,24,40,2
2024-08-31 12:00:00 AM,Alaska,79,-29,24,-16
2024-09-30 12:00:00 AM,Alaska,89,10,31,7
2024-10-31 12:00:00 AM,Alaska,90,1,28,-3
2024-11-30 12:00:00 AM,Alaska,89,-1,32,4
2024-12-31 12:00:00 AM,Alaska,97,8,36,4
2025-01-31 12:00:00 AM,Alaska,104,7,43,7
2025-02-28 12:00:00 AM,Alaska,86,-18,26,-17
2025-03-31 12:00:00 AM,Alaska,98,12,34,8
2025-04-30 12:00:00 AM,Alaska,90,-8,32,-2
2025-05-31 12:00:00 AM,Alaska,106,16,36,4
2025-06-30 12:00:00 AM,Alaska,16,-90,3,-33
2023-05-31 12:00:00 AM,Arizona,584,0,258,0
2023-06-30 12:00:00 AM,Arizona,1831,1247,777,519
2023-07-31 12:00:00 AM,Arizona,1741,-90,718,-59
2023-08-31 12:00:00 AM,Arizona,2034,293,914,196
2023-09-30 12:00:00 AM,Arizona,1804,-230,781,-133
2023-10-31 12:00:00 AM,Arizona,2051,247,841,60
2023-11-30 12:00:00 AM,Arizona,1990,-61,754,-87
2023-12-31 12:00:00 AM,Arizona,2042,52,742,-12
2024-01-31 12:00:00 AM,Arizona,2298,256,874,132
2024-02-29 12:00:00 AM,Arizona,1611,-687,671,-203
2024-03-31 12:00:00 AM,Arizona,2305,694,985,314
2024-04-30 12:00:00 AM,Arizona,3106,801,1114,129
2024-05-31 12:00:00 AM,Arizona,2346,-760,969,-145
2024-06-30 12:00:00 AM,Arizona,2035,-311,881,-88
2024-07-31 12:00:00 AM,Arizona,2526,491,1008,127
2024-08-31 12:00:00 AM,Arizona,2283,-243,1017,9
2024-09-30 12:00:00 AM,Arizona,2285,2,973,-44
2024-10-31 12:00:00 AM,Arizona,2420,135,1065,92
2024-11-30 12:00:00 AM,Arizona,2016,-404,896,-169
2024-12-31 12:00:00 AM,Arizona,2390,374,957,61
2025-01-31 12:00:00 AM,Arizona,2172,-218,937,-20
2025-02-28 12:00:00 AM,Arizona,1837,-335,803,-134
2025-03-31 12:00:00 AM,Arizona,2039,202,881,78
2025-04-30 12:00:00 AM,Arizona,2083,44,923,42
2025-05-31 12:00:00 AM,Arizona,2374,291,1089,166
2025-06-30 12:00:00 AM,Arizona,591,-1783,285,-804
2023-05-31 12:00:00 AM,Arkansas,556,0,171,0
2023-06-30 12:00:00 AM,Arkansas,1624,1068,531,360
2023-07-31 12:00:00 AM,Arkansas,1693,69,574,43
2023-08-31 12:00:00 AM,Arkansas,1705,12,587,13
2023-09-30 12:00:00 AM,Arkansas,1551,-154,527,-60
2023-10-31 12:00:00 AM,Arkansas,1693,142,641,114
2023-11-30 12:00:00 AM,Arkansas,1681,-12,560,-81
2023-12-31 12:00:00 AM,Arkansas,1664,-17,530,-30
2024-01-31 12:00:00 AM,Arkansas,1772,108,570,40
2024-02-29 12:00:00 AM,Arkansas,1536,-236,500,-70
2024-03-31 12:00:00 AM,Arkansas,1761,225,611,111
2024-04-30 12:00:00 AM,Arkansas,2011,250,633,22
2024-05-31 12:00:00 AM,Arkansas,1959,-52,592,-41
2024-06-30 12:00:00 AM,Arkansas,1893,-66,590,-2
2024-07-31 12:00:00 AM,Arkansas,2087,194,580,-10
2024-08-31 12:00:00 AM,Arkansas,2026,-61,629,49
2024-09-30 12:00:00 AM,Arkansas,1965,-61,560,-69
2024-10-31 12:00:00 AM,Arkansas,2198,233,698,138
2024-11-30 12:00:00 AM,Arkansas,2111,-87,641,-57
2024-12-31 12:00:00 AM,Arkansas,2266,155,663,22
2025-01-31 12:00:00 AM,Arkansas,2230,-36,670,7
2025-02-28 12:00:00 AM,Arkansas,2019,-211,633,-37
2025-03-31 12:00:00 AM,Arkansas,2264,245,694,61
2025-04-30 12:00:00 AM,Arkansas,2261,-3,666,-28
2025-05-31 12:00:00 AM,Arkansas,2381,120,765,99
2025-06-30 12:00:00 AM,Arkansas,549,-1832,184,-581
2023-05-31 12:00:00 AM,California,1137,0,459,0
2023-06-30 12:00:00 AM,California,2985,1848,1178,719
2023-07-31 12:00:00 AM,California,3036,51,1228,50
2023-08-31 12:00:00 AM,California,3257,221,1393,165
2023-09-30 12:00:00 AM,California,3122,-135,1266,-127
2023-10-31 12:00:00 AM,California,3360,238,1423,157
2023-11-30 12:00:00 AM,California,3320,-40,1337,-86
2023-12-31 12:00:00 AM,California,3620,300,1448,111
2024-01-31 12:00:00 AM,California,3898,278,1572,124
2024-02-29 12:00:00 AM,California,3443,-455,1422,-150
2024-03-31 12:00:00 AM,California,3737,294,1548,126
2024-04-30 12:00:00 AM,California,3998,261,1566,18
2024-05-31 12:00:00 AM,California,4226,228,1683,117
2024-06-30 12:00:00 AM,California,3976,-250,1609,-74
2024-07-31 12:00:00 AM,California,4376,400,1725,116
2024-08-31 12:00:00 AM,California,4565,189,1949,224
2024-09-30 12:00:00 AM,California,4221,-344,1747,-202
2024-10-31 12:00:00 AM,California,4904,683,1912,165
2024-11-30 12:00:00 AM,California,4337,-567,1722,-190
2024-12-31 12:00:00 AM,California,4949,612,1987,265
2025-01-31 12:00:00 AM,California,5037,88,2097,110
2025-02-28 12:00:00 AM,California,4650,-387,1909,-188
2025-03-31 12:00:00 AM,California,5229,579,2195,286
2025-04-30 12:00:00 AM,California,5453,224,2268,73
2025-05-31 12:00:00 AM,California,5565,112,2359,91
2025-06-30 12:00:00 AM,California,1202,-4363,508,-1851
2023-05-31 12:00:00 AM,Colorado,332,0,153,0
2023-06-30 12:00:00 AM,Colorado,915,583,416,263
2023-07-31 12:00:00 AM,Colorado,889,-26,413,-3
2023-08-31 12:00:00 AM,Colorado,1009,120,462,49
2023-09-30 12:00:00 AM,Colorado,791,-218,345,-117
2023-10-31 12:00:00 AM,Colorado,975,184,454,109
2023-11-30 12:00:00 AM,Colorado,1029,54,485,31
2023-12-31 12:00:00 AM,Colorado,1077,48,506,21
2024-01-31 12:00:00 AM,Colorado,1270,193,561,55
2024-02-29 12:00:00 AM,Colorado,981,-289,459,-102
2024-03-31 12:00:00 AM,Colorado,1448,467,575,116
2024-04-30 12:00:00 AM,Colorado,1705,257,629,54
2024-05-31 12:00:00 AM,Colorado,1320,-385,635,6
2024-06-30 12:00:00 AM,Colorado,1263,-57,540,-95
2024-07-31 12:00:00 AM,Colorado,1633,370,676,136
2024-08-31 12:00:00 AM,Colorado,1399,-234,699,23
2024-09-30 12:00:00 AM,Colorado,1356,-43,609,-90
2024-10-31 12:00:00 AM,Colorado,1840,484,838,229
2024-11-30 12:00:00 AM,Colorado,1479,-361,652,-186
2024-12-31 12:00:00 AM,Colorado,1752,273,800,148
2025-01-31 12:00:00 AM,Colorado,1755,3,798,-2
2025-02-28 12:00:00 AM,Colorado,1616,-139,737,-61
2025-03-31 12:00:00 AM,Colorado,1783,167,819,82
2025-04-30 12:00:00 AM,Colorado,1855,72,770,-49
2025-05-31 12:00:00 AM,Colorado,1848,-7,823,53
2025-06-30 12:00:00 AM,Colorado,410,-1438,184,-639
2023-05-31 12:00:00 AM,Connecticut,349,0,149,0
2023-06-30 12:00:00 AM,Connecticut,1011,662,464,315
2023-07-31 12:00:00 AM,Connecticut,1025,14,483,19
2023-08-31 12:00:00 AM,Connecticut,1091,66,497,14
2023-09-30 12:00:00 AM,Connecticut,971,-120,433,-64
2023-10-31 12:00:00 AM,Connecticut,1126,155,498,65
2023-11-30 12:00:00 AM,Connecticut,1098,-28,456,-42
2023-12-31 12:00:00 AM,Connecticut,1112,14,490,34
2024-01-31 12:00:00 AM,Connecticut,1239,127,556,66
2024-02-29 12:00:00 AM,Connecticut,1137,-102,528,-28
2024-03-31 12:00:00 AM,Connecticut,1253,116,608,80
2024-04-30 12:00:00 AM,Connecticut,1443,190,635,27
2024-05-31 12:00:00 AM,Connecticut,1364,-79,613,-22
2024-06-30 12:00:00 AM,Connecticut,1405,41,640,27
2024-07-31 12:00:00 AM,Connecticut,1514,109,705,65
2024-08-31 12:00:00 AM,Connecticut,1544,30,744,39
2024-09-30 12:00:00 AM,Connecticut,1499,-45,698,-46
2024-10-31 12:00:00 AM,Connecticut,1708,209,779,81
2024-11-30 12:00:00 AM,Connecticut,1530,-178,682,-97
2024-12-31 12:00:00 AM,Connecticut,1768,238,783,101
2025-01-31 12:00:00 AM,Connecticut,1750,-18,877,94
2025-02-28 12:00:00 AM,Connecticut,1597,-153,760,-117
2025-03-31 12:00:00 AM,Connecticut,1812,215,844,84
2025-04-30 12:00:00 AM,Connecticut,1823,11,828,-16
2025-05-31 12:00:00 AM,Connecticut,1906,83,938,110
2025-06-30 12:00:00 AM,Connecticut,420,-1486,194,-744
2023-05-31 12:00:00 AM,Delaware,202,0,76,0
2023-06-30 12:00:00 AM,Delaware,500,298,208,132
2023-07-31 12:00:00 AM,Delaware,531,31,219,11
2023-08-31 12:00:00 AM,Delaware,575,44,246,27
2023-09-30 12:00:00 AM,Delaware,506,-69,198,-48
2023-10-31 12:00:00 AM,Delaware,547,41,206,8
2023-11-30 12:00:00 AM,Delaware,521,-26,221,15
2023-12-31 12:00:00 AM,Delaware,505,-16,184,-37
2024-01-31 12:00:00 AM,Delaware,596,91,254,70
2024-02-29 12:00:00 AM,Delaware,480,-116,204,-50
2024-03-31 12:00:00 AM,Delaware,523,43,215,11
2024-04-30 12:00:00 AM,Delaware,596,73,228,13
2024-05-31 12:00:00 AM,Delaware,549,-47,221,-7
2024-06-30 12:00:00 AM,Delaware,543,-6,248,27
2024-07-31 12:00:00 AM,Delaware,615,72,261,13
2024-08-31 12:00:00 AM,Delaware,644,29,249,-12
2024-09-30 12:00:00 AM,Delaware,688,44,239,-10
2024-10-31 12:00:00 AM,Delaware,744,56,255,16
2024-11-30 12:00:00 AM,Delaware,699,-45,267,12
2024-12-31 12:00:00 AM,Delaware,783,84,277,10
2025-01-31 12:00:00 AM,Delaware,756,-27,243,-34
2025-02-28 12:00:00 AM,Delaware,715,-41,267,24
2025-03-31 12:00:00 AM,Delaware,804,89,289,22
2025-04-30 12:00:00 AM,Delaware,756,-48,260,-29
2025-05-31 12:00:00 AM,Delaware,787,31,299,39
2025-06-30 12:00:00 AM,Delaware,168,-619,45,-254
2023-05-31 12:00:00 AM,Florida,3634,0,1257,0
2023-06-30 12:00:00 AM,Florida,9393,5759,3514,2257
2023-07-31 12:00:00 AM,Florida,9066,-327,3293,-221
2023-08-31 12:00:00 AM,Florida,9906,840,3721,428
2023-09-30 12:00:00 AM,Florida,8764,-1142,3229,-492
2023-10-31 12:00:00 AM,Florida,9725,961,3669,440
2023-11-30 12:00:00 AM,Florida,9326,-399,3517,-152
2023-12-31 12:00:00 AM,Florida,9545,219,3496,-21
2024-01-31 12:00:00 AM,Florida,10166,621,3832,336
2024-02-29 12:00:00 AM,Florida,8664,-1502,3412,-420
2024-03-31 12:00:00 AM,Florida,9883,1219,4207,795
2024-04-30 12:00:00 AM,Florida,11363,1480,4123,-84
2024-05-31 12:00:00 AM,Florida,9945,-1418,3874,-249
2024-06-30 12:00:00 AM,Florida,9162,-783,3567,-307
2024-07-31 12:00:00 AM,Florida,10883,1721,4065,498
2024-08-31 12:00:00 AM,Florida,10113,-770,3965,-100
2024-09-30 12:00:00 AM,Florida,10119,6,3888,-77
2024-10-31 12:00:00 AM,Florida,10937,818,4221,333
2024-11-30 12:00:00 AM,Florida,9999,-938,3899,-322
2024-12-31 12:00:00 AM,Florida,10891,892,3899,0
2025-01-31 12:00:00 AM,Florida,11185,294,4439,540
2025-02-28 12:00:00 AM,Florida,10233,-952,4144,-295
2025-03-31 12:00:00 AM,Florida,11088,855,4367,223
2025-04-30 12:00:00 AM,Florida,11468,380,4451,84
2025-05-31 12:00:00 AM,Florida,11782,314,4629,178
2025-06-30 12:00:00 AM,Florida,2538,-9244,1017,-3612
2023-05-31 12:00:00 AM,Georgia,1069,0,375,0
2023-06-30 12:00:00 AM,Georgia,2868,1799,1069,694
2023-07-31 12:00:00 AM,Georgia,2915,47,978,-91
2023-08-31 12:00:00 AM,Georgia,3040,125,1128,150
2023-09-30 12:00:00 AM,Georgia,2557,-483,924,-204
2023-10-31 12:00:00 AM,Georgia,2392,-165,989,65
2023-11-30 12:00:00 AM,Georgia,2402,10,920,-69
2023-12-31 12:00:00 AM,Georgia,2557,155,997,77
2024-01-31 12:00:00 AM,Georgia,2642,85,1065,68
2024-02-29 12:00:00 AM,Georgia,2404,-238,1001,-64
2024-03-31 12:00:00 AM,Georgia,2667,263,1118,117
2024-04-30 12:00:00 AM,Georgia,3040,373,988,-130
2024-05-31 12:00:00 AM,Georgia,2656,-384,939,-49
2024-06-30 12:00:00 AM,Georgia,2722,66,1107,168
2024-07-31 12:00:00 AM,Georgia,3368,646,1266,159
2024-08-31 12:00:00 AM,Georgia,3069,-299,1288,22
2024-09-30 12:00:00 AM,Georgia,2885,-184,1200,-88
2024-10-31 12:00:00 AM,Georgia,3257,372,1281,81
2024-11-30 12:00:00 AM,Georgia,2934,-323,1257,-24
2024-12-31 12:00:00 AM,Georgia,3256,322,1298,41
2025-01-31 12:00:00 AM,Georgia,3115,-141,1259,-39
2025-02-28 12:00:00 AM,Georgia,2835,-280,1139,-120
2025-03-31 12:00:00 AM,Georgia,3268,433,1403,264
2025-04-30 12:00:00 AM,Georgia,3346,78,1400,-3
2025-05-31 12:00:00 AM,Georgia,3316,-30,1405,5
2025-06-30 12:00:00 AM,Georgia,857,-2459,328,-1077
2023-05-31 12:00:00 AM,Hawaii,26,0,11,0
2023-06-30 12:00:00 AM,Hawaii,71,45,37,26
2023-07-31 12:00:00 AM,Hawaii,96,25,51,14
2023-08-31 12:00:00 AM,Hawaii,111,15,60,9
2023-09-30 12:00:00 AM,Hawaii,85,-26,50,-10
2023-10-31 12:00:00 AM,Hawaii,116,31,57,7
2023-11-30 12:00:00 AM,Hawaii,101,-15,44,-13
2023-12-31 12:00:00 AM,Hawaii,82,-19,42,-2
2024-01-31 12:00:00 AM,Hawaii,121,39,64,22
2024-02-29 12:00:00 AM,Hawaii,107,-14,69,5
2024-03-31 12:00:00 AM,Hawaii,105,-2,58,-11
2024-04-30 12:00:00 AM,Hawaii,162,57,92,34
2024-05-31 12:00:00 AM,Hawaii,127,-35,72,-20
2024-06-30 12:00:00 AM,Hawaii,139,12,78,6
2024-07-31 12:00:00 AM,Hawaii,149,10,93,15
2024-08-31 12:00:00 AM,Hawaii,179,30,108,15
2024-09-30 12:00:00 AM,Hawaii,182,3,101,-7
2024-10-31 12:00:00 AM,Hawaii,201,19,128,27
2024-11-30 12:00:00 AM,Hawaii,196,-5,114,-14
2024-12-31 12:00:00 AM,Hawaii,192,-4,114,0
2025-01-31 12:00:00 AM,Hawaii,268,76,165,51
2025-02-28 12:00:00 AM,Hawaii,191,-77,95,-70
2025-03-31 12:00:00 AM,Hawaii,225,34,138,43
2025-04-30 12:00:00 AM,Hawaii,259,34,147,9
2025-05-31 12:00:00 AM,Hawaii,223,-36,131,-16
2025-06-30 12:00:00 AM,Hawaii,51,-172,32,-99
2023-05-31 12:00:00 AM,Idaho,115,0,49,0
2023-06-30 12:00:00 AM,Idaho,262,147,113,64
2023-07-31 12:00:00 AM,Idaho,250,-12,93,-20
2023-08-31 12:00:00 AM,Idaho,242,-8,85,-8
2023-09-30 12:00:00 AM,Idaho,243,1,88,3
2023-10-31 12:00:00 AM,Idaho,259,16,92,4
2023-11-30 12:00:00 AM,Idaho,253,-6,91,-1
2023-12-31 12:00:00 AM,Idaho,272,19,107,16
2024-01-31 12:00:00 AM,Idaho,291,19,123,16
2024-02-29 12:00:00 AM,Idaho,268,-23,113,-10
2024-03-31 12:00:00 AM,Idaho,267,-1,106,-7
2024-04-30 12:00:00 AM,Idaho,327,60,128,22
2024-05-31 12:00:00 AM,Idaho,311,-16,123,-5
2024-06-30 12:00:00 AM,Idaho,279,-32,128,5
2024-07-31 12:00:00 AM,Idaho,329,50,118,-10
2024-08-31 12:00:00 AM,Idaho,306,-23,134,16
2024-09-30 12:00:00 AM,Idaho,307,1,127,-7
2024-10-31 12:00:00 AM,Idaho,365,58,168,41
2024-11-30 12:00:00 AM,Idaho,312,-53,113,-55
2024-12-31 12:00:00 AM,Idaho,336,24,122,9
2025-01-31 12:00:00 AM,Idaho,385,49,162,40
2025-02-28 12:00:00 AM,Idaho,312,-73,132,-30
2025-03-31 12:00:00 AM,Idaho,344,32,140,8
2025-04-30 12:00:00 AM,Idaho,381,37,160,20
2025-05-31 12:00:00 AM,Idaho,373,-8,150,-10
2025-06-30 12:00:00 AM,Idaho,78,-295,27,-123
2023-05-31 12:00:00 AM,Illinois,1279,0,517,0
2023-06-30 12:00:00 AM,Illinois,3611,2332,1517,1000
2023-07-31 12:00:00 AM,Illinois,3526,-85,1434,-83
2023-08-31 12:00:00 AM,Illinois,3880,354,1653,219
2023-09-30 12:00:00 AM,Illinois,3647,-233,1523,-130
2023-10-31 12:00:00 AM,Illinois,3864,217,1530,7
2023-11-30 12:00:00 AM,Illinois,3906,42,1533,3
2023-12-31 12:00:00 AM,Illinois,3990,84,1575,42
2024-01-31 12:00:00 AM,Illinois,4189,199,1745,170
2024-02-29 12:00:00 AM,Illinois,4522,333,2083,338
2024-03-31 12:00:00 AM,Illinois,4375,-147,2134,51
2024-04-30 12:00:00 AM,Illinois,5371,996,2175,41
2024-05-31 12:00:00 AM,Illinois,4497,-874,1895,-280
2024-06-30 12:00:00 AM,Illinois,4325,-172,1798,-97
2024-07-31 12:00:00 AM,Illinois,4854,529,1893,95
2024-08-31 12:00:00 AM,Illinois,4853,-1,2023,130
2024-09-30 12:00:00 AM,Illinois,4749,-104,1906,-117
2024-10-31 12:00:00 AM,Illinois,5213,464,2103,197
2024-11-30 12:00:00 AM,Illinois,4763,-450,1932,-171
2024-12-31 12:00:00 AM,Illinois,5338,575,2073,141
2025-01-31 12:00:00 AM,Illinois,5516,178,2227,154
2025-02-28 12:00:00 AM,Illinois,4974,-542,1981,-246
2025-03-31 12:00:00 AM,Illinois,5731,757,2414,433
2025-04-30 12:00:00 AM,Illinois,5772,41,2313,-101
2025-05-31 12:00:00 AM,Illinois,5840,68,2370,57
2025-06-30 12:00:00 AM,Illinois,1229,-4611,493,-1877
2023-05-31 12:00:00 AM,Indiana,600,0,208,0
2023-06-30 12:00:00 AM,Indiana,1590,990,576,368
2023-07-31 12:00:00 AM,Indiana,1608,18,627,51
2023-08-31 12:00:00 AM,Indiana,1777,169,720,93
2023-09-30 12:00:00 AM,Indiana,1739,-38,729,9
2023-10-31 12:00:00 AM,Indiana,1821,82,756,27
2023-11-30 12:00:00 AM,Indiana,1811,-10,688,-68
2023-12-31 12:00:00 AM,Indiana,2121,310,836,148
2024-01-31 12:00:00 AM,Indiana,2277,156,931,95
2024-02-29 12:00:00 AM,Indiana,2154,-123,915,-16
2024-03-31 12:00:00 AM,Indiana,2426,272,979,64
2024-04-30 12:00:00 AM,Indiana,2748,322,1042,63
2024-05-31 12:00:00 AM,Indiana,2614,-134,1044,2
2024-06-30 12:00:00 AM,Indiana,2470,-144,964,-80
2024-07-31 12:00:00 AM,Indiana,2886,416,1104,140
2024-08-31 12:00:00 AM,Indiana,2831,-55,1097,-7
2024-09-30 12:00:00 AM,Indiana,2806,-25,1104,7
2024-10-31 12:00:00 AM,Indiana,3125,319,1176,72
2024-11-30 12:00:00 AM,Indiana,2864,-261,1090,-86
2024-12-31 12:00:00 AM,Indiana,3296,432,1147,57
2025-01-31 12:00:00 AM,Indiana,3223,-73,1252,105
2025-02-28 12:00:00 AM,Indiana,2964,-259,1201,-51
2025-03-31 12:00:00 AM,Indiana,3284,320,1222,21
2025-04-30 12:00:00 AM,Indiana,3460,176,1292,70
2025-05-31 12:00:00 AM,Indiana,3380,-80,1371,79
2025-06-30 12:00:00 AM,Indiana,738,-2642,285,-1086
2023-05-31 12:00:00 AM,Iowa,208,0,91,0
2023-06-30 12:00:00 AM,Iowa,541,333,232,141
2023-07-31 12:00:00 AM,Iowa,551,10,213,-19
2023-08-31 12:00:00 AM,Iowa,630,79,238,25
2023-09-30 12:00:00 AM,Iowa,552,-78,181,-57
2023-10-31 12:00:00 AM,Iowa,654,102,257,76
2023-11-30 12:00:00 AM,Iowa,648,-6,235,-22
2023-12-31 12:00:00 AM,Iowa,689,41,247,12
2024-01-31 12:00:00 AM,Iowa,714,25,281,34
2024-02-29 12:00:00 AM,Iowa,655,-59,247,-34
2024-03-31 12:00:00 AM,Iowa,716,61,273,26
2024-04-30 12:00:00 AM,Iowa,792,76,273,0
2024-05-31 12:00:00 AM,Iowa,786,-6,266,-7
2024-06-30 12:00:00 AM,Iowa,762,-24,272,6
2024-07-31 12:00:00 AM,Iowa,873,111,343,71
2024-08-31 12:00:00 AM,Iowa,858,-15,315,-28
2024-09-30 12:00:00 AM,Iowa,884,26,307,-8
2024-10-31 12:00:00 AM,Iowa,929,45,338,31
2024-11-30 12:00:00 AM,Iowa,910,-19,305,-33
2024-12-31 12:00:00 AM,Iowa,978,68,309,4
2025-01-31 12:00:00 AM,Iowa,944,-34,361,52
2025-02-28 12:00:00 AM,Iowa,915,-29,327,-34
2025-03-31 12:00:00 AM,Iowa,1008,93,380,53
2025-04-30 12:00:00 AM,Iowa,975,-33,335,-45
2025-05-31 12:00:00 AM,Iowa,1024,49,367,32
2025-06-30 12:00:00 AM,Iowa,201,-823,81,-286
2023-05-31 12:00:00 AM,Kansas,311,0,113,0
2023-06-30 12:00:00 AM,Kansas,956,645,343,230
2023-07-31 12:00:00 AM,Kansas,937,-19,312,-31
2023-08-31 12:00:00 AM,Kansas,1036,99,391,79
2023-09-30 12:00:00 AM,Kansas,1044,8,369,-22
2023-10-31 12:00:00 AM,Kansas,1114,70,386,17
2023-11-30 12:00:00 AM,Kansas,1030,-84,354,-32
2023-12-31 12:00:00 AM,Kansas,1102,72,371,17
2024-01-31 12:00:00 AM,Kansas,1142,40,425,54
2024-02-29 12:00:00 AM,Kansas,1059,-83,409,-16
2024-03-31 12:00:00 AM,Kansas,1185,126,459,50
2024-04-30 12:00:00 AM,Kansas,1452,267,460,1
2024-05-31 12:00:00 AM,Kansas,1223,-229,425,-35
2024-06-30 12:00:00 AM,Kansas,1190,-33,443,18
2024-07-31 12:00:00 AM,Kansas,1445,255,492,49
2024-08-31 12:00:00 AM,Kansas,1295,-150,439,-53
2024-09-30 12:00:00 AM,Kansas,1329,34,444,5
2024-10-31 12:00:00 AM,Kansas,1426,97,444,0
2024-11-30 12:00:00 AM,Kansas,1235,-191,423,-21
2024-12-31 12:00:00 AM,Kansas,1345,110,425,2
2025-01-31 12:00:00 AM,Kansas,1379,34,481,56
2025-02-28 12:00:00 AM,Kansas,1227,-152,451,-30
2025-03-31 12:00:00 AM,Kansas,1379,152,507,56
2025-04-30 12:00:00 AM,Kansas,1362,-17,473,-34
2025-05-31 12:00:00 AM,Kansas,1429,67,542,69
2025-06-30 12:00:00 AM,Kansas,301,-1128,102,-440
2023-05-31 12:00:00 AM,Kentucky,640,0,216,0
2023-06-30 12:00:00 AM,Kentucky,1858,1218,694,478
2023-07-31 12:00:00 AM,Kentucky,1873,15,691,-3
2023-08-31 12:00:00 AM,Kentucky,2049,176,808,117
2023-09-30 12:00:00 AM,Kentucky,1951,-98,729,-79
2023-10-31 12:00:00 AM,Kentucky,2037,86,755,26
2023-11-30 12:00:00 AM,Kentucky,2054,17,727,-28
2023-12-31 12:00:00 AM,Kentucky,2143,89,736,9
2024-01-31 12:00:00 AM,Kentucky,2357,214,866,130
2024-02-29 12:00:00 AM,Kentucky,2030,-327,753,-113
2024-03-31 12:00:00 AM,Kentucky,2286,256,917,164
2024-04-30 12:00:00 AM,Kentucky,2413,127,864,-53
2024-05-31 12:00:00 AM,Kentucky,2260,-153,815,-49
2024-06-30 12:00:00 AM,Kentucky,1999,-261,772,-43
2024-07-31 12:00:00 AM,Kentucky,2456,457,904,132
2024-08-31 12:00:00 AM,Kentucky,2433,-23,928,24
2024-09-30 12:00:00 AM,Kentucky,2326,-107,879,-49
2024-10-31 12:00:00 AM,Kentucky,2771,445,1054,175
2024-11-30 12:00:00 AM,Kentucky,2429,-342,865,-189
2024-12-31 12:00:00 AM,Kentucky,2712,283,951,86
2025-01-31 12:00:00 AM,Kentucky,2708,-4,999,48
2025-02-28 12:00:00 AM,Kentucky,2474,-234,902,-97
2025-03-31 12:00:00 AM,Kentucky,2687,213,1021,119
2025-04-30 12:00:00 AM,Kentucky,2792,105,1055,34
2025-05-31 12:00:00 AM,Kentucky,2813,21,1020,-35
2025-06-30 12:00:00 AM,Kentucky,651,-2162,259,-761
2023-05-31 12:00:00 AM,Louisiana,620,0,180,0
2023-06-30 12:00:00 AM,Louisiana,1740,1120,540,360
2023-07-31 12:00:00 AM,Louisiana,1767,27,514,-26
2023-08-31 12:00:00 AM,Louisiana,1823,56,552,38
2023-09-30 12:00:00 AM,Louisiana,1663,-160,466,-86
2023-10-31 12:00:00 AM,Louisiana,1735,72,570,104
2023-11-30 12:00:00 AM,Louisiana,1703,-32,519,-51
2023-12-31 12:00:00 AM,Louisiana,1748,45,532,13
2024-01-31 12:00:00 AM,Louisiana,1840,92,563,31
2024-02-29 12:00:00 AM,Louisiana,1640,-200,493,-70
2024-03-31 12:00:00 AM,Louisiana,1744,104,558,65
2024-04-30 12:00:00 AM,Louisiana,2085,341,681,123
2024-05-31 12:00:00 AM,Louisiana,1854,-231,565,-116
2024-06-30 12:00:00 AM,Louisiana,1676,-178,508,-57
2024-07-31 12:00:00 AM,Louisiana,2056,380,651,143
2024-08-31 12:00:00 AM,Louisiana,1929,-127,652,1
2024-09-30 12:00:00 AM,Louisiana,2053,124,673,21
2024-10-31 12:00:00 AM,Louisiana,2176,123,733,60
2024-11-30 12:00:00 AM,Louisiana,2111,-65,699,-34
2024-12-31 12:00:00 AM,Louisiana,2430,319,710,11
2025-01-31 12:00:00 AM,Louisiana,2256,-174,685,-25
2025-02-28 12:00:00 AM,Louisiana,2156,-100,726,41
2025-03-31 12:00:00 AM,Louisiana,2354,198,707,-19
2025-04-30 12:00:00 AM,Louisiana,2342,-12,719,12
2025-05-31 12:00:00 AM,Louisiana,2414,72,799,80
2025-06-30 12:00:00 AM,Louisiana,554,-1860,177,-622
2023-05-31 12:00:00 AM,Maine,89,0,43,0
2023-06-30 12:00:00 AM,Maine,226,137,115,72
2023-07-31 12:00:00 AM,Maine,204,-22,80,-35
2023-08-31 12:00:00 AM,Maine,242,38,99,19
2023-09-30 12:00:00 AM,Maine,241,-1,103,4
2023-10-31 12:00:00 AM,Maine,253,12,108,5
2023-11-30 12:00:00 AM,Maine,287,34,129,21
2023-12-31 12:00:00 AM,Maine,293,6,108,-21
2024-01-31 12:00:00 AM,Maine,271,-22,111,3
2024-02-29 12:00:00 AM,Maine,257,-14,120,9
2024-03-31 12:00:00 AM,Maine,331,74,152,32
2024-04-30 12:00:00 AM,Maine,349,18,148,-4
2024-05-31 12:00:00 AM,Maine,341,-8,152,4
2024-06-30 12:00:00 AM,Maine,314,-27,121,-31
2024-07-31 12:00:00 AM,Maine,327,13,123,2
2024-08-31 12:00:00 AM,Maine,345,18,169,46
2024-09-30 12:00:00 AM,Maine,361,16,163,-6
2024-10-31 12:00:00 AM,Maine,417,56,183,20
2024-11-30 12:00:00 AM,Maine,416,-1,175,-8
2024-12-31 12:00:00 AM,Maine,467,51,175,0
2025-01-31 12:00:00 AM,Maine,467,0,196,21
2025-02-28 12:00:00 AM,Maine,459,-8,174,-22
2025-03-31 12:00:00 AM,Maine,488,29,186,12
2025-04-30 12:00:00 AM,Maine,492,4,194,8
2025-05-31 12:00:00 AM,Maine,509,17,194,0
2025-06-30 12:00:00 AM,Maine,112,-397,43,-151
2023-05-31 12:00:00 AM,Maryland,427,0,187,0
2023-06-30 12:00:00 AM,Maryland,1236,809,556,369
2023-07-31 12:00:00 AM,Maryland,1006,-230,455,-101
2023-08-31 12:00:00 AM,Maryland,925,-81,441,-14
2023-09-30 12:00:00 AM,Maryland,910,-15,387,-54
2023-10-31 12:00:00 AM,Maryland,1027,117,448,61
2023-11-30 12:00:00 AM,Maryland,958,-69,430,-18
2023-12-31 12:00:00 AM,Maryland,1077,119,513,83
2024-01-31 12:00:00 AM,Maryland,1169,92,567,54
2024-02-29 12:00:00 AM,Maryland,1212,43,511,-56
2024-03-31 12:00:00 AM,Maryland,1404,192,617,106
2024-04-30 12:00:00 AM,Maryland,1845,441,724,107
2024-05-31 12:00:00 AM,Maryland,1505,-340,640,-84
2024-06-30 12:00:00 AM,Maryland,1524,19,683,43
2024-07-31 12:00:00 AM,Maryland,1755,231,735,52
2024-08-31 12:00:00 AM,Maryland,1567,-188,688,-47
2024-09-30 12:00:00 AM,Maryland,1689,122,720,32
2024-10-31 12:00:00 AM,Maryland,1843,154,797,77
2024-11-30 12:00:00 AM,Maryland,1605,-238,697,-100
2024-12-31 12:00:00 AM,Maryland,1947,342,802,105
2025-01-31 12:00:00 AM,Maryland,1906,-41,822,20
2025-02-28 12:00:00 AM,Maryland,1644,-262,703,-119
2025-03-31 12:00:00 AM,Maryland,1822,178,776,73
2025-04-30 12:00:00 AM,Maryland,1895,73,830,54
2025-05-31 12:00:00 AM,Maryland,1948,53,890,60
2025-06-30 12:00:00 AM,Maryland,446,-1502,221,-669
2023-05-31 12:00:00 AM,Massachusetts,655,0,284,0
2023-06-30 12:00:00 AM,Massachusetts,1700,1045,774,490
2023-07-31 12:00:00 AM,Massachusetts,1674,-26,768,-6
2023-08-31 12:00:00 AM,Massachusetts,1814,140,855,87
2023-09-30 12:00:00 AM,Massachusetts,1669,-145,776,-79
2023-10-31 12:00:00 AM,Massachusetts,1849,180,883,107
2023-11-30 12:00:00 AM,Massachusetts,1930,81,932,49
2023-12-31 12:00:00 AM,Massachusetts,2017,87,956,24
2024-01-31 12:00:00 AM,Massachusetts,2070,53,966,10
2024-02-29 12:00:00 AM,Massachusetts,2020,-50,959,-7
2024-03-31 12:00:00 AM,Massachusetts,2143,123,1031,72
2024-04-30 12:00:00 AM,Massachusetts,2263,120,1106,75
2024-05-31 12:00:00 AM,Massachusetts,2404,141,1150,44
2024-06-30 12:00:00 AM,Massachusetts,2295,-109,1075,-75
2024-07-31 12:00:00 AM,Massachusetts,2561,266,1178,103
2024-08-31 12:00:00 AM,Massachusetts,2634,73,1251,73
2024-09-30 12:00:00 AM,Massachusetts,2457,-177,1157,-94
2024-10-31 12:00:00 AM,Massachusetts,2770,313,1312,155
2024-11-30 12:00:00 AM,Massachusetts,2691,-79,1273,-39
2024-12-31 12:00:00 AM,Massachusetts,2819,128,1297,24
2025-01-31 12:00:00 AM,Massachusetts,2885,66,1415,118
2025-02-28 12:00:00 AM,Massachusetts,2797,-88,1331,-84
2025-03-31 12:00:00 AM,Massachusetts,3145,348,1523,192
2025-04-30 12:00:00 AM,Massachusetts,3150,5,1534,11
2025-05-31 12:00:00 AM,Massachusetts,3353,203,1656,122
2025-06-30 12:00:00 AM,Massachusetts,681,-2672,349,-1307
2023-05-31 12:00:00 AM,Michigan,491,0,192,0
2023-06-30 12:00:00 AM,Michigan,1347,856,596,404
2023-07-31 12:00:00 AM,Michigan,1338,-9,542,-54
2023-08-31 12:00:00 AM,Michigan,1455,117,622,80
2023-09-30 12:00:00 AM,Michigan,1337,-118,648,26
2023-10-31 12:00:00 AM,Michigan,1543,206,721,73
2023-11-30 12:00:00 AM,Michigan,1386,-157,569,-152
2023-12-31 12:00:00 AM,Michigan,1401,15,628,59
2024-01-31 12:00:00 AM,Michigan,1551,150,643,15
2024-02-29 12:00:00 AM,Michigan,1272,-279,511,-132
2024-03-31 12:00:00 AM,Michigan,1477,205,639,128
2024-04-30 12:00:00 AM,Michigan,2016,539,764,125
2024-05-31 12:00:00 AM,Michigan,1507,-509,616,-148
2024-06-30 12:00:00 AM,Michigan,1494,-13,594,-22
2024-07-31 12:00:00 AM,Michigan,1860,366,759,165
2024-08-31 12:00:00 AM,Michigan,1601,-259,669,-90
2024-09-30 12:00:00 AM,Michigan,1822,221,767,98
2024-10-31 12:00:00 AM,Michigan,1995,173,834,67
2024-11-30 12:00:00 AM,Michigan,1756,-239,721,-113
2024-12-31 12:00:00 AM,Michigan,1746,-10,704,-17
2025-01-31 12:00:00 AM,Michigan,1897,151,787,83
2025-02-28 12:00:00 AM,Michigan,1743,-154,716,-71
2025-03-31 12:00:00 AM,Michigan,1945,202,797,81
2025-04-30 12:00:00 AM,Michigan,2059,114,810,13
2025-05-31 12:00:00 AM,Michigan,2065,6,779,-31
2025-06-30 12:00:00 AM,Michigan,483,-1582,174,-605
2023-05-31 12:00:00 AM,Minnesota,146,0,51,0
2023-06-30 12:00:00 AM,Minnesota,408,262,164,113
2023-07-31 12:00:00 AM,Minnesota,390,-18,157,-7
2023-08-31 12:00:00 AM,Minnesota,480,90,207,50
2023-09-30 12:00:00 AM,Minnesota,400,-80,172,-35
2023-10-31 12:00:00 AM,Minnesota,461,61,199,27
2023-11-30 12:00:00 AM,Minnesota,469,8,215,16
2023-12-31 12:00:00 AM,Minnesota,456,-13,209,-6
2024-01-31 12:00:00 AM,Minnesota,541,85,216,7
2024-02-29 12:00:00 AM,Minnesota,455,-86,185,-31
2024-03-31 12:00:00 AM,Minnesota,559,104,258,73
2024-04-30 12:00:00 AM,Minnesota,679,120,263,5
2024-05-31 12:00:00 AM,Minnesota,571,-108,219,-44
2024-06-30 12:00:00 AM,Minnesota,622,51,249,30
2024-07-31 12:00:00 AM,Minnesota,665,43,243,-6
2024-08-31 12:00:00 AM,Minnesota,650,-15,256,13
2024-09-30 12:00:00 AM,Minnesota,668,18,266,10
2024-10-31 12:00:00 AM,Minnesota,718,50,266,0
2024-11-30 12:00:00 AM,Minnesota,701,-17,267,1
2024-12-31 12:00:00 AM,Minnesota,720,19,267,0
2025-01-31 12:00:00 AM,Minnesota,713,-7,285,18
2025-02-28 12:00:00 AM,Minnesota,694,-19,275,-10
2025-03-31 12:00:00 AM,Minnesota,749,55,297,22
2025-04-30 12:00:00 AM,Minnesota,741,-8,305,8
2025-05-31 12:00:00 AM,Minnesota,772,31,326,21
2025-06-30 12:00:00 AM,Minnesota,179,-593,89,-237
2023-05-31 12:00:00 AM,Mississippi,303,0,92,0
2023-06-30 12:00:00 AM,Mississippi,837,534,261,169
2023-07-31 12:00:00 AM,Mississippi,869,32,284,23
2023-08-31 12:00:00 AM,Mississippi,930,61,344,60
2023-09-30 12:00:00 AM,Mississippi,901,-29,326,-18
2023-10-31 12:00:00 AM,Mississippi,953,52,294,-32
2023-11-30 12:00:00 AM,Mississippi,934,-19,300,6
2023-12-31 12:00:00 AM,Mississippi,1010,76,328,28
2024-01-31 12:00:00 AM,Mississippi,937,-73,296,-32
2024-02-29 12:00:00 AM,Mississippi,830,-107,247,-49
2024-03-31 12:00:00 AM,Mississippi,851,21,301,54
2024-04-30 12:00:00 AM,Mississippi,1037,186,344,43
2024-05-31 12:00:00 AM,Mississippi,1041,4,339,-5
2024-06-30 12:00:00 AM,Mississippi,1006,-35,331,-8
2024-07-31 12:00:00 AM,Mississippi,1156,150,342,11
2024-08-31 12:00:00 AM,Mississippi,1091,-65,344,2
2024-09-30 12:00:00 AM,Mississippi,1090,-1,316,-28
2024-10-31 12:00:00 AM,Mississippi,1175,85,385,69
2024-11-30 12:00:00 AM,Mississippi,1077,-98,366,-19
2024-12-31 12:00:00 AM,Mississippi,1235,158,372,6
2025-01-31 12:00:00 AM,Mississippi,1196,-39,400,28
2025-02-28 12:00:00 AM,Mississippi,1145,-51,366,-34
2025-03-31 12:00:00 AM,Mississippi,1256,111,421,55
2025-04-30 12:00:00 AM,Mississippi,1251,-5,400,-21
2025-05-31 12:00:00 AM,Mississippi,1283,32,445,45
2025-06-30 12:00:00 AM,Mississippi,255,-1028,90,-355
2023-05-31 12:00:00 AM,Missouri,937,0,382,0
2023-06-30 12:00:00 AM,Missouri,2544,1607,958,576
2023-07-31 12:00:00 AM,Missouri,2666,122,1003,45
2023-08-31 12:00:00 AM,Missouri,2949,283,1158,155
2023-09-30 12:00:00 AM,Missouri,2445,-504,936,-222
2023-10-31 12:00:00 AM,Missouri,2561,116,965,29
2023-11-30 12:00:00 AM,Missouri,2537,-24,995,30
2023-12-31 12:00:00 AM,Missouri,2655,118,1011,16
2024-01-31 12:00:00 AM,Missouri,2766,111,1072,61
2024-02-29 12:00:00 AM,Missouri,2354,-412,923,-149
2024-03-31 12:00:00 AM,Missouri,2891,537,1160,237
2024-04-30 12:00:00 AM,Missouri,3402,511,1155,-5
2024-05-31 12:00:00 AM,Missouri,2728,-674,1071,-84
2024-06-30 12:00:00 AM,Missouri,2842,114,1086,15
2024-07-31 12:00:00 AM,Missouri,3303,461,1240,154
2024-08-31 12:00:00 AM,Missouri,2966,-337,1232,-8
2024-09-30 12:00:00 AM,Missouri,3098,132,1151,-81
2024-10-31 12:00:00 AM,Missouri,3365,267,1368,217
2024-11-30 12:00:00 AM,Missouri,3004,-361,1196,-172
2024-12-31 12:00:00 AM,Missouri,3418,414,1298,102
2025-01-31 12:00:00 AM,Missouri,3448,30,1355,57
2025-02-28 12:00:00 AM,Missouri,3088,-360,1219,-136
2025-03-31 12:00:00 AM,Missouri,3370,282,1326,107
2025-04-30 12:00:00 AM,Missouri,3568,198,1360,34
2025-05-31 12:00:00 AM,Missouri,3542,-26,1403,43
2025-06-30 12:00:00 AM,Missouri,786,-2756,320,-1083
2023-05-31 12:00:00 AM,Montana,36,0,12,0
2023-06-30 12:00:00 AM,Montana,159,123,66,54
2023-07-31 12:00:00 AM,Montana,143,-16,61,-5
2023-08-31 12:00:00 AM,Montana,155,12,46,-15
2023-09-30 12:00:00 AM,Montana,157,2,55,9
2023-10-31 12:00:00 AM,Montana,164,7,65,10
2023-11-30 12:00:00 AM,Montana,142,-22,45,-20
2023-12-31 12:00:00 AM,Montana,154,12,45,0
2024-01-31 12:00:00 AM,Montana,172,18,57,12
2024-02-29 12:00:00 AM,Montana,150,-22,42,-15
2024-03-31 12:00:00 AM,Montana,184,34,65,23
2024-04-30 12:00:00 AM,Montana,193,9,60,-5
2024-05-31 12:00:00 AM,Montana,190,-3,63,3
2024-06-30 12:00:00 AM,Montana,219,29,80,17
2024-07-31 12:00:00 AM,Montana,211,-8,71,-9
2024-08-31 12:00:00 AM,Montana,215,4,71,0
2024-09-30 12:00:00 AM,Montana,229,14,65,-6
2024-10-31 12:00:00 AM,Montana,234,5,72,7
2024-11-30 12:00:00 AM,Montana,233,-1,85,13
2024-12-31 12:00:00 AM,Montana,289,56,101,16
2025-01-31 12:00:00 AM,Montana,247,-42,98,-3
2025-02-28 12:00:00 AM,Montana,253,6,88,-10
2025-03-31 12:00:00 AM,Montana,293,40,106,18
2025-04-30 12:00:00 AM,Montana,300,7,111,5
2025-05-31 12:00:00 AM,Montana,318,18,93,-18
2025-06-30 12:00:00 AM,Montana,74,-244,28,-65
2023-05-31 12:00:00 AM,National,136,0,56,0
2023-06-30 12:00:00 AM,National,356,220,146,90
2023-07-31 12:00:00 AM,National,332,-24,150,4
2023-08-31 12:00:00 AM,National,374,42,156,6
2023-09-30 12:00:00 AM,National,297,-77,138,-18
2023-10-31 12:00:00 AM,National,342,45,143,5
2023-11-30 12:00:00 AM,National,317,-25,138,-5
2023-12-31 12:00:00 AM,National,346,29,144,6
2024-01-31 12:00:00 AM,National,348,2,144,0
2024-02-29 12:00:00 AM,National,312,-36,163,19
2024-03-31 12:00:00 AM,National,372,60,186,23
2024-04-30 12:00:00 AM,National,376,4,181,-5
2024-05-31 12:00:00 AM,National,393,17,192,11
2024-06-30 12:00:00 AM,National,374,-19,175,-17
2024-07-31 12:00:00 AM,National,378,4,189,14
2024-08-31 12:00:00 AM,National,399,21,190,1
2024-09-30 12:00:00 AM,National,364,-35,176,-14
2024-10-31 12:00:00 AM,National,416,52,182,6
2024-11-30 12:00:00 AM,National,348,-68,155,-27
2024-12-31 12:00:00 AM,National,431,83,202,47
2025-01-31 12:00:00 AM,National,236,-195,130,-72
2025-02-28 12:00:00 AM,National,147,-89,71,-59
2025-03-31 12:00:00 AM,National,160,13,79,8
2025-04-30 12:00:00 AM,National,178,18,97,18
2025-05-31 12:00:00 AM,National,192,14,94,-3
2025-06-30 12:00:00 AM,National,42,-150,16,-78
2023-05-31 12:00:00 AM,Nebraska,168,0,65,0
2023-06-30 12:00:00 AM,Nebraska,467,299,185,120
2023-07-31 12:00:00 AM,Nebraska,500,33,198,13
2023-08-31 12:00:00 AM,Nebraska,559,59,232,34
2023-09-30 12:00:00 AM,Nebraska,506,-53,184,-48
2023-10-31 12:00:00 AM,Nebraska,570,64,206,22
2023-11-30 12:00:00 AM,Nebraska,566,-4,196,-10
2023-12-31 12:00:00 AM,Nebraska,640,74,237,41
2024-01-31 12:00:00 AM,Nebraska,661,21,235,-2
2024-02-29 12:00:00 AM,Nebraska,545,-116,220,-15
2024-03-31 12:00:00 AM,Nebraska,606,61,225,5
2024-04-30 12:00:00 AM,Nebraska,794,188,293,68
2024-05-31 12:00:00 AM,Nebraska,697,-97,264,-29
2024-06-30 12:00:00 AM,Nebraska,640,-57,228,-36
2024-07-31 12:00:00 AM,Nebraska,792,152,266,38
2024-08-31 12:00:00 AM,Nebraska,728,-64,258,-8
2024-09-30 12:00:00 AM,Nebraska,704,-24,260,2
2024-10-31 12:00:00 AM,Nebraska,801,97,276,16
2024-11-30 12:00:00 AM,Nebraska,732,-69,241,-35
2024-12-31 12:00:00 AM,Nebraska,827,95,259,18
2025-01-31 12:00:00 AM,Nebraska,833,6,306,47
2025-02-28 12:00:00 AM,Nebraska,748,-85,271,-35
2025-03-31 12:00:00 AM,Nebraska,808,60,278,7
2025-04-30 12:00:00 AM,Nebraska,837,29,291,13
2025-05-31 12:00:00 AM,Nebraska,818,-19,314,23
2025-06-30 12:00:00 AM,Nebraska,186,-632,64,-250
2023-05-31 12:00:00 AM,Nevada,91,0,47,0
2023-06-30 12:00:00 AM,Nevada,273,182,116,69
2023-07-31 12:00:00 AM,Nevada,299,26,125,9
2023-08-31 12:00:00 AM,Nevada,349,50,176,51
2023-09-30 12:00:00 AM,Nevada,334,-15,147,-29
2023-10-31 12:00:00 AM,Nevada,410,76,182,35
2023-11-30 12:00:00 AM,Nevada,395,-15,176,-6
2023-12-31 12:00:00 AM,Nevada,394,-1,170,-6
2024-01-31 12:00:00 AM,Nevada,520,126,221,51
2024-02-29 12:00:00 AM,Nevada,386,-134,175,-46
2024-03-31 12:00:00 AM,Nevada,429,43,207,32
2024-04-30 12:00:00 AM,Nevada,623,194,249,42
2024-05-31 12:00:00 AM,Nevada,519,-104,251,2
2024-06-30 12:00:00 AM,Nevada,483,-36,214,-37
2024-07-31 12:00:00 AM,Nevada,606,123,231,17
2024-08-31 12:00:00 AM,Nevada,530,-76,227,-4
2024-09-30 12:00:00 AM,Nevada,588,58,257,30
2024-10-31 12:00:00 AM,Nevada,659,71,267,10
2024-11-30 12:00:00 AM,Nevada,564,-95,210,-57
2024-12-31 12:00:00 AM,Nevada,643,79,253,43
2025-01-31 12:00:00 AM,Nevada,619,-24,242,-11
2025-02-28 12:00:00 AM,Nevada,575,-44,202,-40
2025-03-31 12:00:00 AM,Nevada,628,53,264,62
2025-04-30 12:00:00 AM,Nevada,678,50,265,1
2025-05-31 12:00:00 AM,Nevada,729,51,280,15
2025-06-30 12:00:00 AM,Nevada,172,-557,65,-215
2023-05-31 12:00:00 AM,New Hampshire,70,0,29,0
2023-06-30 12:00:00 AM,New Hampshire,184,114,60,31
2023-07-31 12:00:00 AM,New Hampshire,198,14,76,16
2023-08-31 12:00:00 AM,New Hampshire,221,23,92,16
2023-09-30 12:00:00 AM,New Hampshire,225,4,92,0
2023-10-31 12:00:00 AM,New Hampshire,210,-15,90,-2
2023-11-30 12:00:00 AM,New Hampshire,242,32,104,14
2023-12-31 12:00:00 AM,New Hampshire,230,-12,97,-7
2024-01-31 12:00:00 AM,New Hampshire,288,58,126,29
2024-02-29 12:00:00 AM,New Hampshire,257,-31,109,-17
2024-03-31 12:00:00 AM,New Hampshire,289,32,125,16
2024-04-30 12:00:00 AM,New Hampshire,335,46,144,19
2024-05-31 12:00:00 AM,New Hampshire,330,-5,125,-19
2024-06-30 12:00:00 AM,New Hampshire,268,-62,104,-21
2024-07-31 12:00:00 AM,New Hampshire,319,51,135,31
2024-08-31 12:00:00 AM,New Hampshire,340,21,140,5
2024-09-30 12:00:00 AM,New Hampshire,346,6,141,1
2024-10-31 12:00:00 AM,New Hampshire,334,-12,126,-15
2024-11-30 12:00:00 AM,New Hampshire,352,18,133,7
2024-12-31 12:00:00 AM,New Hampshire,361,9,134,1
2025-01-31 12:00:00 AM,New Hampshire,373,12,135,1
2025-02-28 12:00:00 AM,New Hampshire,378,5,161,26
2025-03-31 12:00:00 AM,New Hampshire,358,-20,141,-20
2025-04-30 12:00:00 AM,New Hampshire,395,37,148,7
2025-05-31 12:00:00 AM,New Hampshire,420,25,165,17
2025-06-30 12:00:00 AM,New Hampshire,66,-354,22,-143
2023-05-31 12:00:00 AM,New Jersey,1273,0,494,0
2023-06-30 12:00:00 AM,New Jersey,3550,2277,1410,916
2023-07-31 12:00:00 AM,New Jersey,3326,-224,1287,-123
2023-08-31 12:00:00 AM,New Jersey,3678,352,1513,226
2023-09-30 12:00:00 AM,New Jersey,3244,-434,1294,-219
2023-10-31 12:00:00 AM,New Jersey,3638,394,1418,124
2023-11-30 12:00:00 AM,New Jersey,3503,-135,1401,-17
2023-12-31 12:00:00 AM,New Jersey,3850,347,1423,22
2024-01-31 12:00:00 AM,New Jersey,4532,682,1800,377
2024-02-29 12:00:00 AM,New Jersey,3766,-766,1487,-313
2024-03-31 12:00:00 AM,New Jersey,4158,392,1631,144
2024-04-30 12:00:00 AM,New Jersey,5041,883,1842,211
2024-05-31 12:00:00 AM,New Jersey,5070,29,2117,275
2024-06-30 12:00:00 AM,New Jersey,4715,-355,1876,-241
2024-07-31 12:00:00 AM,New Jersey,5557,842,2105,229
2024-08-31 12:00:00 AM,New Jersey,6074,517,2299,194
2024-09-30 12:00:00 AM,New Jersey,6738,664,2330,31
2024-10-31 12:00:00 AM,New Jersey,6810,72,2485,155
2024-11-30 12:00:00 AM,New Jersey,5748,-1062,2048,-437
2024-12-31 12:00:00 AM,New Jersey,6742,994,2402,354
2025-01-31 12:00:00 AM,New Jersey,6272,-470,2324,-78
2025-02-28 12:00:00 AM,New Jersey,5818,-454,2148,-176
2025-03-31 12:00:00 AM,New Jersey,6764,946,2631,483
2025-04-30 12:00:00 AM,New Jersey,6439,-325,2435,-196
2025-05-31 12:00:00 AM,New Jersey,6192,-247,2011,-424
2025-06-30 12:00:00 AM,New Jersey,1468,-4724,472,-1539
2023-05-31 12:00:00 AM,New Mexico,13,0,6,0
2023-06-30 12:00:00 AM,New Mexico,61,48,34,28
2023-07-31 12:00:00 AM,New Mexico,54,-7,23,-11
2023-08-31 12:00:00 AM,New Mexico,54,0,13,-10
2023-09-30 12:00:00 AM,New Mexico,60,6,18,5
2023-10-31 12:00:00 AM,New Mexico,51,-9,22,4
2023-11-30 12:00:00 AM,New Mexico,54,3,25,3
2023-12-31 12:00:00 AM,New Mexico,57,3,11,-14
2024-01-31 12:00:00 AM,New Mexico,65,8,20,9
2024-02-29 12:00:00 AM,New Mexico,69,4,24,4
2024-03-31 12:00:00 AM,New Mexico,74,5,39,15
2024-04-30 12:00:00 AM,New Mexico,76,2,33,-6
2024-05-31 12:00:00 AM,New Mexico,78,2,19,-14
2024-06-30 12:00:00 AM,New Mexico,88,10,38,19
2024-07-31 12:00:00 AM,New Mexico,94,6,44,6
2024-08-31 12:00:00 AM,New Mexico,96,2,35,-9
2024-09-30 12:00:00 AM,New Mexico,98,2,39,4
2024-10-31 12:00:00 AM,New Mexico,109,11,38,-1
2024-11-30 12:00:00 AM,New Mexico,109,0,39,1
2024-12-31 12:00:00 AM,New Mexico,116,7,40,1
2025-01-31 12:00:00 AM,New Mexico,102,-14,43,3
2025-02-28 12:00:00 AM,New Mexico,107,5,40,-3
2025-03-31 12:00:00 AM,New Mexico,104,-3,35,-5
2025-04-30 12:00:00 AM,New Mexico,135,31,63,28
2025-05-31 12:00:00 AM,New Mexico,127,-8,57,-6
2025-06-30 12:00:00 AM,New Mexico,30,-97,14,-43
2023-05-31 12:00:00 AM,New York,1609,0,693,0
2023-06-30 12:00:00 AM,New York,4466,2857,2075,1382
2023-07-31 12:00:00 AM,New York,4685,219,2044,-31
2023-08-31 12:00:00 AM,New York,5005,320,2363,319
2023-09-30 12:00:00 AM,New York,4848,-157,2177,-186
2023-10-31 12:00:00 AM,New York,5301,453,2375,198
2023-11-30 12:00:00 AM,New York,5264,-37,2349,-26
2023-12-31 12:00:00 AM,New York,5584,320,2474,125
2024-01-31 12:00:00 AM,New York,6316,732,2800,326
2024-02-29 12:00:00 AM,New York,5778,-538,2604,-196
2024-03-31 12:00:00 AM,New York,6528,750,2981,377
2024-04-30 12:00:00 AM,New York,7030,502,3067,86
2024-05-31 12:00:00 AM,New York,7526,496,3254,187
2024-06-30 12:00:00 AM,New York,7295,-231,3152,-102
2024-07-31 12:00:00 AM,New York,7967,672,3549,397
2024-08-31 12:00:00 AM,New York,7936,-31,3523,-26
2024-09-30 12:00:00 AM,New York,7948,12,3377,-146
2024-10-31 12:00:00 AM,New York,8589,641,3703,326
2024-11-30 12:00:00 AM,New York,8207,-382,3548,-155
2024-12-31 12:00:00 AM,New York,8851,644,3670,122
2025-01-31 12:00:00 AM,New York,9183,332,4094,424
2025-02-28 12:00:00 AM,New York,8347,-836,3688,-406
2025-03-31 12:00:00 AM,New York,9440,1093,4197,509
2025-04-30 12:00:00 AM,New York,9523,83,4158,-39
2025-05-31 12:00:00 AM,New York,10021,498,4428,270
2025-06-30 12:00:00 AM,New York,2137,-7884,953,-3475
2023-05-31 12:00:00 AM,North Carolina,944,0,362,0
2023-06-30 12:00:00 AM,North Carolina,2695,1751,1078,716
2023-07-31 12:00:00 AM,North Carolina,2432,-263,943,-135
2023-08-31 12:00:00 AM,North Carolina,2950,518,1166,223
2023-09-30 12:00:00 AM,North Carolina,2709,-241,1057,-109
2023-10-31 12:00:00 AM,North Carolina,3017,308,1235,178
2023-11-30 12:00:00 AM,North Carolina,2878,-139,1151,-84
2023-12-31 12:00:00 AM,North Carolina,3041,163,1194,43
2024-01-31 12:00:00 AM,North Carolina,3176,135,1273,79
2024-02-29 12:00:00 AM,North Carolina,2911,-265,1182,-91
2024-03-31 12:00:00 AM,North Carolina,3146,235,1262,80
2024-04-30 12:00:00 AM,North Carolina,3827,681,1407,145
2024-05-31 12:00:00 AM,North Carolina,3271,-556,1323,-84
2024-06-30 12:00:00 AM,North Carolina,2911,-360,1182,-141
2024-07-31 12:00:00 AM,North Carolina,3691,780,1447,265
2024-08-31 12:00:00 AM,North Carolina,3451,-240,1493,46
2024-09-30 12:00:00 AM,North Carolina,3426,-25,1430,-63
2024-10-31 12:00:00 AM,North Carolina,3935,509,1648,218
2024-11-30 12:00:00 AM,North Carolina,3569,-366,1458,-190
2024-12-31 12:00:00 AM,North Carolina,3951,382,1611,153
2025-01-31 12:00:00 AM,North Carolina,3930,-21,1598,-13
2025-02-28 12:00:00 AM,North Carolina,3313,-617,1369,-229
2025-03-31 12:00:00 AM,North Carolina,3856,543,1595,226
2025-04-30 12:00:00 AM,North Carolina,3946,90,1578,-17
2025-05-31 12:00:00 AM,North Carolina,4057,111,1539,-39
2025-06-30 12:00:00 AM,North Carolina,912,-3145,378,-1161
2023-05-31 12:00:00 AM,North Dakota,25,0,11,0
2023-06-30 12:00:00 AM,North Dakota,50,25,19,8
2023-07-31 12:00:00 AM,North Dakota,62,12,14,-5
2023-08-31 12:00:00 AM,North Dakota,70,8,38,24
2023-09-30 12:00:00 AM,North Dakota,51,-19,19,-19
2023-10-31 12:00:00 AM,North Dakota,52,1,14,-5
2023-11-30 12:00:00 AM,North Dakota,63,11,23,9
2023-12-31 12:00:00 AM,North Dakota,60,-3,16,-7
2024-01-31 12:00:00 AM,North Dakota,66,6,24,8
2024-02-29 12:00:00 AM,North Dakota,63,-3,32,8
2024-03-31 12:00:00 AM,North Dakota,55,-8,18,-14
2024-04-30 12:00:00 AM,North Dakota,99,44,50,32
2024-05-31 12:00:00 AM,North Dakota,83,-16,47,-3
2024-06-30 12:00:00 AM,North Dakota,72,-11,16,-31
2024-07-31 12:00:00 AM,North Dakota,80,8,28,12
2024-08-31 12:00:00 AM,North Dakota,84,4,31,3
2024-09-30 12:00:00 AM,North Dakota,90,6,23,-8
2024-10-31 12:00:00 AM,North Dakota,80,-10,32,9
2024-11-30 12:00:00 AM,North Dakota,79,-1,38,6
2024-12-31 12:00:00 AM,North Dakota,98,19,39,1
2025-01-31 12:00:00 AM,North Dakota,96,-2,33,-6
2025-02-28 12:00:00 AM,North Dakota,66,-30,11,-22
2025-03-31 12:00:00 AM,North Dakota,76,10,29,18
2025-04-30 12:00:00 AM,North Dakota,89,13,38,9
2025-05-31 12:00:00 AM,North Dakota,78,-11,31,-7
2025-06-30 12:00:00 AM,North Dakota,21,-57,13,-18
2023-05-31 12:00:00 AM,Ohio,1540,0,504,0
2023-06-30 12:00:00 AM,Ohio,4593,3053,1611,1107
2023-07-31 12:00:00 AM,Ohio,4590,-3,1540,-71
2023-08-31 12:00:00 AM,Ohio,4899,309,1791,251
2023-09-30 12:00:00 AM,Ohio,4663,-236,1615,-176
2023-10-31 12:00:00 AM,Ohio,4790,127,1675,60
2023-11-30 12:00:00 AM,Ohio,4807,17,1643,-32
2023-12-31 12:00:00 AM,Ohio,4924,117,1742,99
2024-01-31 12:00:00 AM,Ohio,5120,196,1821,79
2024-02-29 12:00:00 AM,Ohio,4500,-620,1626,-195
2024-03-31 12:00:00 AM,Ohio,5157,657,1941,315
2024-04-30 12:00:00 AM,Ohio,6185,1028,2161,220
2024-05-31 12:00:00 AM,Ohio,5380,-805,1992,-169
2024-06-30 12:00:00 AM,Ohio,5322,-58,1951,-41
2024-07-31 12:00:00 AM,Ohio,6168,846,2236,285
2024-08-31 12:00:00 AM,Ohio,5863,-305,2364,128
2024-09-30 12:00:00 AM,Ohio,6297,434,2290,-74
2024-10-31 12:00:00 AM,Ohio,6939,642,2460,170
2024-11-30 12:00:00 AM,Ohio,6087,-852,2256,-204
2024-12-31 12:00:00 AM,Ohio,6709,622,2332,76
2025-01-31 12:00:00 AM,Ohio,6417,-292,2421,89
2025-02-28 12:00:00 AM,Ohio,6104,-313,2263,-158
2025-03-31 12:00:00 AM,Ohio,6699,595,2421,158
2025-04-30 12:00:00 AM,Ohio,6802,103,2490,69
2025-05-31 12:00:00 AM,Ohio,7157,355,2568,78
2025-06-30 12:00:00 AM,Ohio,1517,-5640,557,-2011
2023-05-31 12:00:00 AM,Oklahoma,359,0,132,0
2023-06-30 12:00:00 AM,Oklahoma,918,559,358,226
2023-07-31 12:00:00 AM,Oklahoma,1025,107,390,32
2023-08-31 12:00:00 AM,Oklahoma,1094,69,448,58
2023-09-30 12:00:00 AM,Oklahoma,913,-181,371,-77
2023-10-31 12:00:00 AM,Oklahoma,1034,121,378,7
2023-11-30 12:00:00 AM,Oklahoma,934,-100,391,13
2023-12-31 12:00:00 AM,Oklahoma,972,38,362,-29
2024-01-31 12:00:00 AM,Oklahoma,1086,114,393,31
2024-02-29 12:00:00 AM,Oklahoma,885,-201,387,-6
2024-03-31 12:00:00 AM,Oklahoma,980,95,376,-11
2024-04-30 12:00:00 AM,Oklahoma,1123,143,448,72
2024-05-31 12:00:00 AM,Oklahoma,1151,28,468,20
2024-06-30 12:00:00 AM,Oklahoma,1020,-131,409,-59
2024-07-31 12:00:00 AM,Oklahoma,1134,114,421,12
2024-08-31 12:00:00 AM,Oklahoma,1149,15,457,36
2024-09-30 12:00:00 AM,Oklahoma,1138,-11,481,24
2024-10-31 12:00:00 AM,Oklahoma,1249,111,487,6
2024-11-30 12:00:00 AM,Oklahoma,1088,-161,476,-11
2024-12-31 12:00:00 AM,Oklahoma,1214,126,514,38
2025-01-31 12:00:00 AM,Oklahoma,1243,29,567,53
2025-02-28 12:00:00 AM,Oklahoma,1185,-58,512,-55
2025-03-31 12:00:00 AM,Oklahoma,1365,180,555,43
2025-04-30 12:00:00 AM,Oklahoma,1519,154,571,16
2025-05-31 12:00:00 AM,Oklahoma,1540,21,581,10
2025-06-30 12:00:00 AM,Oklahoma,349,-1191,134,-447
2023-05-31 12:00:00 AM,Oregon,119,0,45,0
2023-06-30 12:00:00 AM,Oregon,383,264,137,92
2023-07-31 12:00:00 AM,Oregon,404,21,160,23
2023-08-31 12:00:00 AM,Oregon,390,-14,162,2
2023-09-30 12:00:00 AM,Oregon,385,-5,133,-29
2023-10-31 12:00:00 AM,Oregon,411,26,151,18
2023-11-30 12:00:00 AM,Oregon,411,0,143,-8
2023-12-31 12:00:00 AM,Oregon,451,40,158,15
2024-01-31 12:00:00 AM,Oregon,451,0,178,20
2024-02-29 12:00:00 AM,Oregon,472,21,198,20
2024-03-31 12:00:00 AM,Oregon,516,44,250,52
2024-04-30 12:00:00 AM,Oregon,513,-3,222,-28
2024-05-31 12:00:00 AM,Oregon,549,36,229,7
2024-06-30 12:00:00 AM,Oregon,527,-22,207,-22
2024-07-31 12:00:00 AM,Oregon,603,76,270,63
2024-08-31 12:00:00 AM,Oregon,608,5,255,-15
2024-09-30 12:00:00 AM,Oregon,581,-27,241,-14
2024-10-31 12:00:00 AM,Oregon,681,100,303,62
2024-11-30 12:00:00 AM,Oregon,608,-73,258,-45
2024-12-31 12:00:00 AM,Oregon,730,122,270,12
2025-01-31 12:00:00 AM,Oregon,688,-42,296,26
2025-02-28 12:00:00 AM,Oregon,671,-17,258,-38
2025-03-31 12:00:00 AM,Oregon,756,85,312,54
2025-04-30 12:00:00 AM,Oregon,773,17,324,12
2025-05-31 12:00:00 AM,Oregon,858,85,363,39
2025-06-30 12:00:00 AM,Oregon,160,-698,63,-300
2023-05-31 12:00:00 AM,Pennsylvania,810,0,303,0
2023-06-30 12:00:00 AM,Pennsylvania,2211,1401,841,538
2023-07-31 12:00:00 AM,Pennsylvania,2303,92,866,25
2023-08-31 12:00:00 AM,Pennsylvania,2449,146,951,85
2023-09-30 12:00:00 AM,Pennsylvania,2224,-225,892,-59
2023-10-31 12:00:00 AM,Pennsylvania,2444,220,1084,192
2023-11-30 12:00:00 AM,Pennsylvania,2498,54,1055,-29
2023-12-31 12:00:00 AM,Pennsylvania,2666,168,1072,17
2024-01-31 12:00:00 AM,Pennsylvania,2859,193,1069,-3
2024-02-29 12:00:00 AM,Pennsylvania,2519,-340,970,-99
2024-03-31 12:00:00 AM,Pennsylvania,2847,328,1140,170
2024-04-30 12:00:00 AM,Pennsylvania,3220,373,1152,12
2024-05-31 12:00:00 AM,Pennsylvania,3033,-187,1117,-35
2024-06-30 12:00:00 AM,Pennsylvania,3044,11,1129,12
2024-07-31 12:00:00 AM,Pennsylvania,3400,356,1258,129
2024-08-31 12:00:00 AM,Pennsylvania,3494,94,1329,71
2024-09-30 12:00:00 AM,Pennsylvania,3443,-51,1261,-68
2024-10-31 12:00:00 AM,Pennsylvania,3836,393,1403,142
2024-11-30 12:00:00 AM,Pennsylvania,3582,-254,1268,-135
2024-12-31 12:00:00 AM,Pennsylvania,3936,354,1354,86
2025-01-31 12:00:00 AM,Pennsylvania,3882,-54,1436,82
2025-02-28 12:00:00 AM,Pennsylvania,3533,-349,1331,-105
2025-03-31 12:00:00 AM,Pennsylvania,4032,499,1477,146
2025-04-30 12:00:00 AM,Pennsylvania,4181,149,1511,34
2025-05-31 12:00:00 AM,Pennsylvania,4192,11,1608,97
2025-06-30 12:00:00 AM,Pennsylvania,1005,-3187,402,-1206
2023-05-31 12:00:00 AM,Rhode Island,61,0,29,0
2023-06-30 12:00:00 AM,Rhode Island,127,66,48,19
2023-07-31 12:00:00 AM,Rhode Island,128,1,46,-2
2023-08-31 12:00:00 AM,Rhode Island,145,17,47,1
2023-09-30 12:00:00 AM,Rhode Island,105,-40,35,-12
2023-10-31 12:00:00 AM,Rhode Island,120,15,36,1
2023-11-30 12:00:00 AM,Rhode Island,128,8,52,16
2023-12-31 12:00:00 AM,Rhode Island,124,-4,38,-14
2024-01-31 12:00:00 AM,Rhode Island,138,14,40,2
2024-02-29 12:00:00 AM,Rhode Island,122,-16,48,8
2024-03-31 12:00:00 AM,Rhode Island,133,11,57,9
2024-04-30 12:00:00 AM,Rhode Island,180,47,66,9
2024-05-31 12:00:00 AM,Rhode Island,158,-22,68,2
2024-06-30 12:00:00 AM,Rhode Island,153,-5,66,-2
2024-07-31 12:00:00 AM,Rhode Island,166,13,55,-11
2024-08-31 12:00:00 AM,Rhode Island,163,-3,56,1
2024-09-30 12:00:00 AM,Rhode Island,152,-11,52,-4
2024-10-31 12:00:00 AM,Rhode Island,174,22,65,13
2024-11-30 12:00:00 AM,Rhode Island,145,-29,58,-7
2024-12-31 12:00:00 AM,Rhode Island,184,39,69,11
2025-01-31 12:00:00 AM,Rhode Island,200,16,76,7
2025-02-28 12:00:00 AM,Rhode Island,168,-32,73,-3
2025-03-31 12:00:00 AM,Rhode Island,206,38,73,0
2025-04-30 12:00:00 AM,Rhode Island,222,16,90,17
2025-05-31 12:00:00 AM,Rhode Island,227,5,100,10
2025-06-30 12:00:00 AM,Rhode Island,58,-169,23,-77
2023-05-31 12:00:00 AM,South Carolina,483,0,182,0
2023-06-30 12:00:00 AM,South Carolina,1283,800,500,318
2023-07-31 12:00:00 AM,South Carolina,1308,25,499,-1
2023-08-31 12:00:00 AM,South Carolina,1449,141,569,70
2023-09-30 12:00:00 AM,South Carolina,1244,-205,461,-108
2023-10-31 12:00:00 AM,South Carolina,1391,147,493,32
2023-11-30 12:00:00 AM,South Carolina,1357,-34,477,-16
2023-12-31 12:00:00 AM,South Carolina,1369,12,468,-9
2024-01-31 12:00:00 AM,South Carolina,1459,90,539,71
2024-02-29 12:00:00 AM,South Carolina,1220,-239,485,-54
2024-03-31 12:00:00 AM,South Carolina,1546,326,628,143
2024-04-30 12:00:00 AM,South Carolina,1887,341,625,-3
2024-05-31 12:00:00 AM,South Carolina,1537,-350,581,-44
2024-06-30 12:00:00 AM,South Carolina,1358,-179,537,-44
2024-07-31 12:00:00 AM,South Carolina,1683,325,650,113
2024-08-31 12:00:00 AM,South Carolina,1501,-182,624,-26
2024-09-30 12:00:00 AM,South Carolina,1516,15,579,-45
2024-10-31 12:00:00 AM,South Carolina,1796,280,711,132
2024-11-30 12:00:00 AM,South Carolina,1546,-250,583,-128
2024-12-31 12:00:00 AM,South Carolina,1754,208,625,42
2025-01-31 12:00:00 AM,South Carolina,1726,-28,679,54
2025-02-28 12:00:00 AM,South Carolina,1652,-74,656,-23
2025-03-31 12:00:00 AM,South Carolina,1760,108,677,21
2025-04-30 12:00:00 AM,South Carolina,1893,133,744,67
2025-05-31 12:00:00 AM,South Carolina,1932,39,740,-4
2025-06-30 12:00:00 AM,South Carolina,431,-1501,170,-570
2023-05-31 12:00:00 AM,South Dakota,28,0,8,0
2023-06-30 12:00:00 AM,South Dakota,112,84,46,38
2023-07-31 12:00:00 AM,South Dakota,119,7,41,-5
2023-08-31 12:00:00 AM,South Dakota,126,7,54,13
2023-09-30 12:00:00 AM,South Dakota,133,7,51,-3
2023-10-31 12:00:00 AM,South Dakota,123,-10,39,-12
2023-11-30 12:00:00 AM,South Dakota,128,5,50,11
2023-12-31 12:00:00 AM,South Dakota,150,22,55,5
2024-01-31 12:00:00 AM,South Dakota,141,-9,51,-4
2024-02-29 12:00:00 AM,South Dakota,155,14,55,4
2024-03-31 12:00:00 AM,South Dakota,151,-4,54,-1
2024-04-30 12:00:00 AM,South Dakota,150,-1,57,3
2024-05-31 12:00:00 AM,South Dakota,191,41,75,18
2024-06-30 12:00:00 AM,South Dakota,173,-18,56,-19
2024-07-31 12:00:00 AM,South Dakota,208,35,79,23
2024-08-31 12:00:00 AM,South Dakota,207,-1,69,-10
2024-09-30 12:00:00 AM,South Dakota,218,11,75,6
2024-10-31 12:00:00 AM,South Dakota,248,30,85,10
2024-11-30 12:00:00 AM,South Dakota,234,-14,80,-5
2024-12-31 12:00:00 AM,South Dakota,256,22,72,-8
2025-01-31 12:00:00 AM,South Dakota,265,9,101,29
2025-02-28 12:00:00 AM,South Dakota,224,-41,83,-18
2025-03-31 12:00:00 AM,South Dakota,273,49,95,12
2025-04-30 12:00:00 AM,South Dakota,295,22,117,22
2025-05-31 12:00:00 AM,South Dakota,290,-5,122,5
2025-06-30 12:00:00 AM,South Dakota,67,-223,23,-99
2023-05-31 12:00:00 AM,Tennessee,1391,0,476,0
2023-06-30 12:00:00 AM,Tennessee,3833,2442,1395,919
2023-07-31 12:00:00 AM,Tennessee,3848,15,1288,-107
2023-08-31 12:00:00 AM,Tennessee,3902,54,1378,90
2023-09-30 12:00:00 AM,Tennessee,3819,-83,1435,57
2023-10-31 12:00:00 AM,Tennessee,3742,-77,1379,-56
2023-11-30 12:00:00 AM,Tennessee,3620,-122,1290,-89
2023-12-31 12:00:00 AM,Tennessee,3710,90,1314,24
2024-01-31 12:00:00 AM,Tennessee,3951,241,1463,149
2024-02-29 12:00:00 AM,Tennessee,3396,-555,1272,-191
2024-03-31 12:00:00 AM,Tennessee,3655,259,1479,207
2024-04-30 12:00:00 AM,Tennessee,4269,614,1652,173
2024-05-31 12:00:00 AM,Tennessee,4016,-253,1505,-147
2024-06-30 12:00:00 AM,Tennessee,3603,-413,1447,-58
2024-07-31 12:00:00 AM,Tennessee,4370,767,1640,193
2024-08-31 12:00:00 AM,Tennessee,4116,-254,1566,-74
2024-09-30 12:00:00 AM,Tennessee,4013,-103,1523,-43
2024-10-31 12:00:00 AM,Tennessee,4592,579,1792,269
2024-11-30 12:00:00 AM,Tennessee,4095,-497,1567,-225
2024-12-31 12:00:00 AM,Tennessee,4770,675,1765,198
2025-01-31 12:00:00 AM,Tennessee,5028,258,1963,198
2025-02-28 12:00:00 AM,Tennessee,4366,-662,1708,-255
2025-03-31 12:00:00 AM,Tennessee,4781,415,1863,155
2025-04-30 12:00:00 AM,Tennessee,4745,-36,1891,28
2025-05-31 12:00:00 AM,Tennessee,4647,-98,1835,-56
2025-06-30 12:00:00 AM,Tennessee,1086,-3561,433,-1402
2023-05-31 12:00:00 AM,Texas,2846,0,1137,0
2023-06-30 12:00:00 AM,Texas,7874,5028,3299,2162
2023-07-31 12:00:00 AM,Texas,7842,-32,3272,-27
2023-08-31 12:00:00 AM,Texas,8697,855,3822,550
2023-09-30 12:00:00 AM,Texas,7898,-799,3352,-470
2023-10-31 12:00:00 AM,Texas,8083,185,3414,62
2023-11-30 12:00:00 AM,Texas,8052,-31,3357,-57
2023-12-31 12:00:00 AM,Texas,8103,51,3239,-118
2024-01-31 12:00:00 AM,Texas,8654,551,3669,430
2024-02-29 12:00:00 AM,Texas,6929,-1725,3044,-625
2024-03-31 12:00:00 AM,Texas,8478,1549,3988,944
2024-04-30 12:00:00 AM,Texas,10095,1617,3891,-97
2024-05-31 12:00:00 AM,Texas,8100,-1995,3570,-321
2024-06-30 12:00:00 AM,Texas,7535,-565,3377,-193
2024-07-31 12:00:00 AM,Texas,9503,1968,4051,674
2024-08-31 12:00:00 AM,Texas,8971,-532,3879,-172
2024-09-30 12:00:00 AM,Texas,8911,-60,3971,92
2024-10-31 12:00:00 AM,Texas,9805,894,4308,337
2024-11-30 12:00:00 AM,Texas,8254,-1551,3597,-711
2024-12-31 12:00:00 AM,Texas,9660,1406,4161,564
2025-01-31 12:00:00 AM,Texas,10114,454,4535,374
2025-02-28 12:00:00 AM,Texas,8981,-1133,4259,-276
2025-03-31 12:00:00 AM,Texas,9970,989,4524,265
2025-04-30 12:00:00 AM,Texas,10827,857,4833,309
2025-05-31 12:00:00 AM,Texas,11148,321,4784,-49
2025-06-30 12:00:00 AM,Texas,2383,-8765,1063,-3721
2023-05-31 12:00:00 AM,Unknown,42,0,18,0
2023-05-31 12:00:00 AM,Unknown,1,-41,0,-18
2023-06-30 12:00:00 AM,Unknown,137,136,71,71
2023-06-30 12:00:00 AM,Unknown,6,-131,2,-69
2023-07-31 12:00:00 AM,Unknown,144,138,67,65
2023-07-31 12:00:00 AM,Unknown,6,-138,3,-64
2023-08-31 12:00:00 AM,Unknown,121,115,58,55
2023-08-31 12:00:00 AM,Unknown,7,-114,1,-57
2023-09-30 12:00:00 AM,Unknown,3,-4,2,1
2023-09-30 12:00:00 AM,Unknown,126,123,62,60
2023-10-31 12:00:00 AM,Unknown,4,-122,1,-61
2023-10-31 12:00:00 AM,Unknown,2,-2,2,1
2023-10-31 12:00:00 AM,Unknown,122,120,67,65
2023-11-30 12:00:00 AM,Unknown,130,8,48,-19
2023-11-30 12:00:00 AM,Unknown,0,-130,0,-48
2023-12-31 12:00:00 AM,Unknown,2,2,2,2
2023-12-31 12:00:00 AM,Unknown,5,3,3,1
2023-12-31 12:00:00 AM,Unknown,134,129,65,62
2024-01-31 12:00:00 AM,Unknown,5,-129,3,-62
2024-01-31 12:00:00 AM,Unknown,167,162,77,74
2024-01-31 12:00:00 AM,Unknown,1,-166,0,-77
2024-02-29 12:00:00 AM,Unknown,8,7,7,7
2024-02-29 12:00:00 AM,Unknown,131,123,53,46
2024-03-31 12:00:00 AM,Unknown,2,-129,0,-53
2024-03-31 12:00:00 AM,Unknown,1,-1,1,1
2024-03-31 12:00:00 AM,Unknown,137,136,59,58
2024-03-31 12:00:00 AM,Unknown,1,-136,1,-58
2024-03-31 12:00:00 AM,Unknown,2,1,1,0
2024-04-30 12:00:00 AM,Unknown,185,183,94,93
2024-04-30 12:00:00 AM,Unknown,1,-184,1,-93
2024-04-30 12:00:00 AM,Unknown,3,2,0,-1
2024-04-30 12:00:00 AM,Unknown,1,-2,1,1
2024-05-31 12:00:00 AM,Unknown,179,178,94,93
2024-05-31 12:00:00 AM,Unknown,1,-178,0,-94
2024-05-31 12:00:00 AM,Unknown,0,-1,0,0
2024-06-30 12:00:00 AM,Unknown,3,3,0,0
2024-06-30 12:00:00 AM,Unknown,3,0,2,2
2024-06-30 12:00:00 AM,Unknown,0,-3,0,-2
2024-06-30 12:00:00 AM,Unknown,156,156,73,73
2024-06-30 12:00:00 AM,Unknown,1,-155,0,-73
2024-07-31 12:00:00 AM,Unknown,228,227,116,116
2024-07-31 12:00:00 AM,Unknown,1,-227,1,-115
2024-08-31 12:00:00 AM,Unknown,192,191,90,89
2024-08-31 12:00:00 AM,Unknown,2,-190,1,-89
2024-09-30 12:00:00 AM,Unknown,230,228,127,126
2024-09-30 12:00:00 AM,Unknown,1,-229,1,-126
2024-09-30 12:00:00 AM,Unknown,2,1,2,1
2024-09-30 12:00:00 AM,Unknown,2,0,1,-1
2024-10-31 12:00:00 AM,Unknown,2,0,1,0
2024-10-31 12:00:00 AM,Unknown,234,232,124,123
2024-11-30 12:00:00 AM,Unknown,204,-30,99,-25
2024-11-30 12:00:00 AM,Unknown,4,-200,3,-96
2024-11-30 12:00:00 AM,Unknown,2,-2,1,-2
2024-12-31 12:00:00 AM,Unknown,244,242,115,114
2024-12-31 12:00:00 AM,Unknown,4,-240,1,-114
2025-01-31 12:00:00 AM,Unknown,236,232,94,93
2025-01-31 12:00:00 AM,Unknown,2,-234,1,-93
2025-02-28 12:00:00 AM,Unknown,1,-1,0,-1
2025-02-28 12:00:00 AM,Unknown,221,220,96,96
2025-02-28 12:00:00 AM,Unknown,1,-220,1,-95
2025-02-28 12:00:00 AM,Unknown,5,4,1,0
2025-03-31 12:00:00 AM,Unknown,1,-4,1,0
2025-03-31 12:00:00 AM,Unknown,270,269,128,127
2025-03-31 12:00:00 AM,Unknown,3,-267,1,-127
2025-04-30 12:00:00 AM,Unknown,3,0,1,0
2025-04-30 12:00:00 AM,Unknown,251,248,106,105
2025-05-31 12:00:00 AM,Unknown,1,-250,1,-105
2025-05-31 12:00:00 AM,Unknown,1,0,0,-1
2025-05-31 12:00:00 AM,Unknown,286,285,115,115
2025-05-31 12:00:00 AM,Unknown,6,-280,1,-114
2025-06-30 12:00:00 AM,Unknown,1,-5,0,-1
2025-06-30 12:00:00 AM,Unknown,44,43,19,19
2023-05-31 12:00:00 AM,Utah,196,0,70,0
2023-06-30 12:00:00 AM,Utah,581,385,231,161
2023-07-31 12:00:00 AM,Utah,581,0,201,-30
2023-08-31 12:00:00 AM,Utah,613,32,245,44
2023-09-30 12:00:00 AM,Utah,582,-31,233,-12
2023-10-31 12:00:00 AM,Utah,632,50,253,20
2023-11-30 12:00:00 AM,Utah,622,-10,218,-35
2023-12-31 12:00:00 AM,Utah,653,31,243,25
2024-01-31 12:00:00 AM,Utah,671,18,247,4
2024-02-29 12:00:00 AM,Utah,575,-96,221,-26
2024-03-31 12:00:00 AM,Utah,740,165,316,95
2024-04-30 12:00:00 AM,Utah,881,141,367,51
2024-05-31 12:00:00 AM,Utah,799,-82,311,-56
2024-06-30 12:00:00 AM,Utah,784,-15,335,24
2024-07-31 12:00:00 AM,Utah,909,125,330,-5
2024-08-31 12:00:00 AM,Utah,869,-40,327,-3
2024-09-30 12:00:00 AM,Utah,871,2,334,7
2024-10-31 12:00:00 AM,Utah,987,116,367,33
2024-11-30 12:00:00 AM,Utah,925,-62,364,-3
2024-12-31 12:00:00 AM,Utah,1011,86,359,-5
2025-01-31 12:00:00 AM,Utah,1024,13,380,21
2025-02-28 12:00:00 AM,Utah,931,-93,377,-3
2025-03-31 12:00:00 AM,Utah,1080,149,446,69
2025-04-30 12:00:00 AM,Utah,1093,13,443,-3
2025-05-31 12:00:00 AM,Utah,1155,62,435,-8
2025-06-30 12:00:00 AM,Utah,277,-878,112,-323
2023-05-31 12:00:00 AM,Vermont,26,0,10,0
2023-06-30 12:00:00 AM,Vermont,66,40,21,11
2023-07-31 12:00:00 AM,Vermont,70,4,19,-2
2023-08-31 12:00:00 AM,Vermont,73,3,31,12
2023-09-30 12:00:00 AM,Vermont,47,-26,21,-10
2023-10-31 12:00:00 AM,Vermont,74,27,31,10
2023-11-30 12:00:00 AM,Vermont,64,-10,34,3
2023-12-31 12:00:00 AM,Vermont,67,3,23,-11
2024-01-31 12:00:00 AM,Vermont,76,9,29,6
2024-02-29 12:00:00 AM,Vermont,55,-21,28,-1
2024-03-31 12:00:00 AM,Vermont,77,22,35,7
2024-04-30 12:00:00 AM,Vermont,66,-11,32,-3
2024-05-31 12:00:00 AM,Vermont,87,21,37,5
2024-06-30 12:00:00 AM,Vermont,105,18,54,17
2024-07-31 12:00:00 AM,Vermont,92,-13,35,-19
2024-08-31 12:00:00 AM,Vermont,94,2,39,4
2024-09-30 12:00:00 AM,Vermont,113,19,52,13
2024-10-31 12:00:00 AM,Vermont,111,-2,62,10
2024-11-30 12:00:00 AM,Vermont,97,-14,50,-12
2024-12-31 12:00:00 AM,Vermont,139,42,62,12
2025-01-31 12:00:00 AM,Vermont,120,-19,46,-16
2025-02-28 12:00:00 AM,Vermont,120,0,52,6
2025-03-31 12:00:00 AM,Vermont,140,20,60,8
2025-04-30 12:00:00 AM,Vermont,134,-6,55,-5
2025-05-31 12:00:00 AM,Vermont,139,5,52,-3
2025-06-30 12:00:00 AM,Vermont,21,-118,10,-42
2023-05-31 12:00:00 AM,Virginia,767,0,332,0
2023-06-30 12:00:00 AM,Virginia,2137,1370,992,660
2023-07-31 12:00:00 AM,Virginia,2125,-12,864,-128
2023-08-31 12:00:00 AM,Virginia,2178,53,953,89
2023-09-30 12:00:00 AM,Virginia,2160,-18,1039,86
2023-10-31 12:00:00 AM,Virginia,2117,-43,1236,197
2023-11-30 12:00:00 AM,Virginia,2100,-17,1177,-59
2023-12-31 12:00:00 AM,Virginia,2284,184,1092,-85
2024-01-31 12:00:00 AM,Virginia,2534,250,1180,88
2024-02-29 12:00:00 AM,Virginia,2085,-449,908,-272
2024-03-31 12:00:00 AM,Virginia,2464,379,1131,223
2024-04-30 12:00:00 AM,Virginia,3096,632,1204,73
2024-05-31 12:00:00 AM,Virginia,2502,-594,1149,-55
2024-06-30 12:00:00 AM,Virginia,2324,-178,1022,-127
2024-07-31 12:00:00 AM,Virginia,2669,345,1117,95
2024-08-31 12:00:00 AM,Virginia,2754,85,1174,57
2024-09-30 12:00:00 AM,Virginia,2691,-63,1162,-12
2024-10-31 12:00:00 AM,Virginia,3235,544,1382,220
2024-11-30 12:00:00 AM,Virginia,2667,-568,1156,-226
2024-12-31 12:00:00 AM,Virginia,3051,384,1329,173
2025-01-31 12:00:00 AM,Virginia,3203,152,1401,72
2025-02-28 12:00:00 AM,Virginia,2703,-500,1224,-177
2025-03-31 12:00:00 AM,Virginia,3111,408,1366,142
2025-04-30 12:00:00 AM,Virginia,3208,97,1358,-8
2025-05-31 12:00:00 AM,Virginia,3297,89,1408,50
2025-06-30 12:00:00 AM,Virginia,738,-2559,327,-1081
2023-05-31 12:00:00 AM,Washington,446,0,167,0
2023-06-30 12:00:00 AM,Washington,1211,765,487,320
2023-07-31 12:00:00 AM,Washington,1204,-7,489,2
2023-08-31 12:00:00 AM,Washington,1259,55,508,19
2023-09-30 12:00:00 AM,Washington,1196,-63,511,3
2023-10-31 12:00:00 AM,Washington,1232,36,520,9
2023-11-30 12:00:00 AM,Washington,1314,82,564,44
2023-12-31 12:00:00 AM,Washington,1343,29,557,-7
2024-01-31 12:00:00 AM,Washington,1488,145,610,53
2024-02-29 12:00:00 AM,Washington,1426,-62,613,3
2024-03-31 12:00:00 AM,Washington,1460,34,612,-1
2024-04-30 12:00:00 AM,Washington,1605,145,657,45
2024-05-31 12:00:00 AM,Washington,1622,17,656,-1
2024-06-30 12:00:00 AM,Washington,1520,-102,653,-3
2024-07-31 12:00:00 AM,Washington,1753,233,745,92
2024-08-31 12:00:00 AM,Washington,1700,-53,703,-42
2024-09-30 12:00:00 AM,Washington,1686,-14,686,-17
2024-10-31 12:00:00 AM,Washington,1900,214,773,87
2024-11-30 12:00:00 AM,Washington,1676,-224,664,-109
2024-12-31 12:00:00 AM,Washington,1987,311,825,161
2025-01-31 12:00:00 AM,Washington,1980,-7,802,-23
2025-02-28 12:00:00 AM,Washington,1746,-234,690,-112
2025-03-31 12:00:00 AM,Washington,2072,326,884,194
2025-04-30 12:00:00 AM,Washington,2046,-26,838,-46
2025-05-31 12:00:00 AM,Washington,2162,116,923,85
2025-06-30 12:00:00 AM,Washington,461,-1701,205,-718
2023-05-31 12:00:00 AM,West Virginia,73,0,26,0
2023-06-30 12:00:00 AM,West Virginia,181,108,64,38
2023-07-31 12:00:00 AM,West Virginia,194,13,63,-1
2023-08-31 12:00:00 AM,West Virginia,209,15,93,30
2023-09-30 12:00:00 AM,West Virginia,176,-33,64,-29
2023-10-31 12:00:00 AM,West Virginia,195,19,66,2
2023-11-30 12:00:00 AM,West Virginia,188,-7,64,-2
2023-12-31 12:00:00 AM,West Virginia,191,3,68,4
2024-01-31 12:00:00 AM,West Virginia,246,55,100,32
2024-02-29 12:00:00 AM,West Virginia,172,-74,68,-32
2024-03-31 12:00:00 AM,West Virginia,185,13,63,-5
2024-04-30 12:00:00 AM,West Virginia,224,39,62,-1
2024-05-31 12:00:00 AM,West Virginia,212,-12,59,-3
2024-06-30 12:00:00 AM,West Virginia,202,-10,85,26
2024-07-31 12:00:00 AM,West Virginia,233,31,84,-1
2024-08-31 12:00:00 AM,West Virginia,226,-7,98,14
2024-09-30 12:00:00 AM,West Virginia,214,-12,89,-9
2024-10-31 12:00:00 AM,West Virginia,249,35,96,7
2024-11-30 12:00:00 AM,West Virginia,189,-60,75,-21
2024-12-31 12:00:00 AM,West Virginia,222,33,73,-2
2025-01-31 12:00:00 AM,West Virginia,208,-14,85,12
2025-02-28 12:00:00 AM,West Virginia,195,-13,70,-15
2025-03-31 12:00:00 AM,West Virginia,218,23,74,4
2025-04-30 12:00:00 AM,West Virginia,232,14,90,16
2025-05-31 12:00:00 AM,West Virginia,211,-21,73,-17
2025-06-30 12:00:00 AM,West Virginia,54,-157,24,-49
2023-05-31 12:00:00 AM,Wisconsin,138,0,54,0
2023-06-30 12:00:00 AM,Wisconsin,378,240,158,104
2023-07-31 12:00:00 AM,Wisconsin,414,36,170,12
2023-08-31 12:00:00 AM,Wisconsin,469,55,195,25
2023-09-30 12:00:00 AM,Wisconsin,446,-23,192,-3
2023-10-31 12:00:00 AM,Wisconsin,533,87,238,46
2023-11-30 12:00:00 AM,Wisconsin,510,-23,230,-8
2023-12-31 12:00:00 AM,Wisconsin,558,48,233,3
2024-01-31 12:00:00 AM,Wisconsin,585,27,243,10
2024-02-29 12:00:00 AM,Wisconsin,553,-32,237,-6
2024-03-31 12:00:00 AM,Wisconsin,610,57,250,13
2024-04-30 12:00:00 AM,Wisconsin,728,118,290,40
2024-05-31 12:00:00 AM,Wisconsin,680,-48,285,-5
2024-06-30 12:00:00 AM,Wisconsin,681,1,284,-1
2024-07-31 12:00:00 AM,Wisconsin,770,89,287,3
2024-08-31 12:00:00 AM,Wisconsin,811,41,315,28
2024-09-30 12:00:00 AM,Wisconsin,783,-28,327,12
2024-10-31 12:00:00 AM,Wisconsin,854,71,392,65
2024-11-30 12:00:00 AM,Wisconsin,784,-70,334,-58
2024-12-31 12:00:00 AM,Wisconsin,825,41,322,-12
2025-01-31 12:00:00 AM,Wisconsin,882,57,384,62
2025-02-28 12:00:00 AM,Wisconsin,785,-97,377,-7
2025-03-31 12:00:00 AM,Wisconsin,892,107,381,4
2025-04-30 12:00:00 AM,Wisconsin,938,46,406,25
2025-05-31 12:00:00 AM,Wisconsin,963,25,427,21
2025-06-30 12:00:00 AM,Wisconsin,207,-756,84,-343
2023-05-31 12:00:00 AM,Wyoming,9,0,3,0
2023-06-30 12:00:00 AM,Wyoming,19,10,8,5
2023-07-31 12:00:00 AM,Wyoming,22,3,6,-2
2023-08-31 12:00:00 AM,Wyoming,19,-3,8,2
2023-09-30 12:00:00 AM,Wyoming,17,-2,7,-1
2023-10-31 12:00:00 AM,Wyoming,24,7,10,3
2023-11-30 12:00:00 AM,Wyoming,17,-7,5,-5
2023-12-31 12:00:00 AM,Wyoming,23,6,7,2
2024-01-31 12:00:00 AM,Wyoming,29,6,15,8
2024-02-29 12:00:00 AM,Wyoming,17,-12,9,-6
2024-03-31 12:00:00 AM,Wyoming,15,-2,7,-2
2024-04-30 12:00:00 AM,Wyoming,21,6,10,3
2024-05-31 12:00:00 AM,Wyoming,16,-5,5,-5
2024-06-30 12:00:00 AM,Wyoming,31,15,19,14
2024-07-31 12:00:00 AM,Wyoming,31,0,19,0
2024-08-31 12:00:00 AM,Wyoming,27,-4,13,-6
2024-09-30 12:00:00 AM,Wyoming,30,3,10,-3
2024-10-31 12:00:00 AM,Wyoming,36,6,17,7
2024-11-30 12:00:00 AM,Wyoming,38,2,17,0
2024-12-31 12:00:00 AM,Wyoming,39,1,7,-10
2025-01-31 12:00:00 AM,Wyoming,34,-5,9,2
2025-02-28 12:00:00 AM,Wyoming,29,-5,10,1
2025-03-31 12:00:00 AM,Wyoming,31,2,10,0
2025-04-30 12:00:00 AM,Wyoming,25,-6,14,4
2025-05-31 12:00:00 AM,Wyoming,29,4,11,-3
2025-06-30 12:00:00 AM,Wyoming,5,-24,3,-8
